"Время;Дата;Напр.ветра;Ск.ветра;Видим.;Явл.;Обл.;Форма обл.;Т;Тd;f;Тe;Pmin;dP;Po;Тmin;Tmax;R;s;Сост.почвы;"
"00;01.01.16;060;3;н/о;;10/0 верхняя;[Cs];-20.5;-23.5;77;-25;1030.2;-1.5;982.9;;;;;;"
"03;01.01.16;050;4;4000 м;дым;ясно;;-19.6;-22.6;77;-25;1028;-1.9;981;;;;13;равномерный"
сухой снег
"100%;"
"06;01.01.16;070;5;4000 м;позёмок;10/0 средняя;[Ac As];-18.2;-21.5;75;-24;1026.5;-1.2;979.8;-21.6;;;;;"
"09;01.01.16;060;6;1000 м;сильн. снег;10/9 300 м средняя;[Frnb|As op];-16.5;-19.7;76;-23;1023.4;-2.7;977.1;;;;;;"
"12;01.01.16;060;6;н/о;слаб. снег;10/0 средняя;[As op];-17.5;-20.7;76;-24;1025.2;1.6;978.7;;;;;;"
"15;01.01.16;050;7;н/о;позёмок{снег};10/0 средняя;[As op];-18.6;-21.8;76;-26;1026.5;1;979.7;;-16.4;2;;;"
"18;01.01.16;050;4;н/о;слаб. снег;10/9 1000 м средняя;[Sc|As op];-19.6;-23;74;-25;1028.2;1.5;981.2;;-16.4;2;;;"
"21;01.01.16;060;4;н/о;дым{снег};10/0 средняя;[As op];-18.5;-21.8;75;-24;1028.6;0.5;981.7;;;;;;"
"00;02.01.16;060;4;н/о;слаб. снег;10/10 600 м;[Sc];-17.1;-20.3;76;-22;1028.2;-0.1;981.6;;;;;;"
"03;02.01.16;060;3;4000 м;слаб. снег;10/10 300 м;[Sc];-17;-20.2;76;-21;1029.4;1.2;982.8;;;0.8;17;равномерный"
сухой снег
"100%;"
"06;02.01.16;060;3;10 км;в посл. час снег;10/10 660 м;[Sc];-16;-19.7;73;-20;1031.1;1.8;984.6;-19.7;;0.8;;;"
"09;02.01.16;050;2;10 км;;ясно;;-14.9;-19.3;69;-17;1031.9;0.9;985.5;;;;;;"
"12;02.01.16;070;4;н/о;дым;ясно;;-18.5;-21.5;77;-24;1034.3;1.7;987.2;;;;;;"
"15;02.01.16;040;3;н/о;;ясно;;-20.1;-22.9;78;-24;1035.7;1;988.2;;-14.5;0.4;;;"
"18;02.01.16;060;2;н/о;;ясно;;-21.7;-24.8;76;-25;1037;1;989.2;;-14.5;0.4;;;"
"21;02.01.16;050;4;н/о;;10/10 500 м;[St];-21;-24.1;76;-27;1037.1;0.2;989.4;;;;;;"
"00;03.01.16;050;4;н/о;;3/3 300 м;[St];-20.3;-23.4;76;-26;1036.1;-0.8;988.6;;;;;;"
"03;03.01.16;070;5;10 км;дым;4/4 120 м;[St];-19.6;-22.7;76;-26;1035.4;-0.6;988;;;;17;равномерный"
сухой снег
"100%;"
"06;03.01.16;070;4;10 км;;6/6 150 м;[St];-18;-21.7;73;-23;1035.1;0;988;-21.7;;;;;"
"09;03.01.16;060;4;10 км;позёмок;8/0 верхняя;[Ci];-16.3;-20.2;72;-21;1032.5;-2.1;985.9;;;;;;"
"12;03.01.16;060;4;н/о;позёмок;10/4 120 м верхняя;[St|Ci];-19.2;-22.4;76;-25;1033.2;0.1;986;;;;;;"
"15;03.01.16;070;4;н/о;позёмок;10/6 60 м верхняя;[St|Ci];-18.8;-21.8;77;-24;1032.6;-0.5;985.5;;-15.9;;;;"
"18;03.01.16;060;2;н/о;;10/0 средняя;[Ac lent];-14.7;-17.5;79;-17;1030.9;-0.9;984.6;;-15.9;;;;"
"21;03.01.16;080;2;н/о;;10/0 средняя, верхняя;[Ac As|Ci];-11.5;-15.2;74;-13;1029.4;-0.9;983.7;;;;;;"
"00;04.01.16;050;2;н/о;;10/0 средняя;[Ac und];-12.8;-16;77;-15;1029.5;-0.1;983.6;;;;;;"
"03;04.01.16;040;1;4000 м;дым;10/0 средняя;[Ac As];-12.5;-15.7;77;-12;1029.7;0.3;983.9;;;;16;равномерный"
сухой снег
"100%;"
"06;04.01.16;050;2;4000 м;дым;10/10 1140 м;[Sc];-12.7;-16.4;74;-15;1030.6;0.8;984.7;-18.8;;;;;"
"09;04.01.16;070;1;10 км;;10/0 средняя;[Ac As];-10.8;-14.5;74;-11;1030.3;0;984.7;;;;;;"
"12;04.01.16;320;4;н/о;;10/0 средняя;[Ac As];-12.8;-15.7;79;-17;1031.4;0.7;985.4;;;;;;"
"15;04.01.16;030;3;н/о;;10/0 средняя;[Ac As];-16.2;-19.1;78;-20;1032.8;0.8;986.2;;-10.5;;;;"
"18;04.01.16;040;3;н/о;;10/10 200 м;[Sc];-17.2;-20.3;77;-21;1032.8;-0.2;986;;-10.5;;;;"
"21;04.01.16;050;3;н/о;;10/0 средняя;[Ac und];-17.5;-20.7;76;-21;1032.3;-0.5;985.5;;;;;;"
"00;05.01.16;050;3;н/о;;10/10 150 м;[Sc];-16.2;-19.1;78;-20;1031.8;-0.3;985.2;;;;;;"
"03;05.01.16;050;3;4000 м;слаб. снег;10/10 1500 м;[Sc];-16.1;-19.2;77;-20;1031.1;-0.6;984.6;;;0.2;16;равномерный"
сухой снег
"100%;"
"06;05.01.16;060;4;4000 м;слаб. снег;10/0 средняя;[As op];-15.3;-18.7;75;-20;1030.6;-0.4;984.2;-17.9;;0.2;;;"
"09;05.01.16;060;2;4000 м;слаб. снег;10/10 1000 м;[Sc];-12.9;-16.6;74;-15;1029.2;-0.9;983.3;;;;;;"
"12;05.01.16;040;1;н/о;слаб. снег;10/10 1000 м;[Sc];-12.8;-15.7;79;-13;1029.5;0.3;983.6;;;;;;"
"15;05.01.16;040;2;н/о;слаб. снег;10/0 средняя;[As op];-15;-17.7;80;-17;1029.9;0;983.6;;-11.9;1;;;"
"18;05.01.16;тихо;;н/о;{снег};10/10 1050 м;[Sc];-17.1;-19.4;82;-17;1030.5;0.2;983.8;;-11.9;1;;;"
"21;05.01.16;250;1;н/о;{снег};10/10 800 м;[Sc];-16.4;-18.9;81;-17;1029.4;-0.9;982.9;;;;;;"
"00;06.01.16;250;1;н/о;слаб. снег;10/10 600 м;[Sc];-15.9;-18.7;79;-16;1028.9;-0.4;982.5;;;;;;"
"03;06.01.16;190;3;4000 м;слаб. снег;10/10 300 м;[Sc];-18.4;-21.3;78;-23;1029.5;0.1;982.6;;;0.2;18;равномерный"
сухой снег
"100%;"
"06;06.01.16;250;3;10 км;{снег};9/9 420 м;[St];-18.8;-22.4;73;-23;1028.9;-0.6;982;-18.5;;0.2;;;"
"09;06.01.16;200;1;10 км;{снег};8/0 верхняя;[Ci fib];-18;-22.1;70;-18;1027.5;-1.2;980.8;;;;;;"
"12;06.01.16;190;2;н/о;{снег};8/8 300 м;[St];-19.9;-22.9;77;-23;1028.1;0.2;981;;;;;;"
"15;06.01.16;220;1;н/о;;10/10 150 м;[St];-19.1;-21.5;81;-19;1026.9;-1;980;;-17.8;0.0;;;"
"18;06.01.16;210;2;н/о;;10/10 100 м;[St];-20;-22.7;79;-23;1026.7;-0.3;979.7;;-17.8;0.0;;;"
"21;06.01.16;180;2;н/о;слаб. снег;10/6 200 м верхняя;[St|Cs];-21;-23.8;78;-24;1026.3;-0.6;979.1;;;;;;"
"00;07.01.16;180;1;н/о;слаб. снег;10/5 200 м верхняя;[St|Cs];-21.1;-23.9;78;-21;1026.3;0;979.1;;;;;;"
"03;07.01.16;360;1;4000 м;слаб. снег;10/8 100 м верхняя;[St|Ci];-21.8;-24.6;78;-22;1026.6;0.1;979.2;;;0.2;18;равномерный"
сухой снег
"100%;"
"06;07.01.16;210;1;4000 м;слаб. снег;10/5 100 м верхняя;[St|Ci];-19.3;-22;79;-20;1026.6;0.5;979.7;-22;;0.2;;;"
"09;07.01.16;350;2;4000 м;слаб. снег;6/6 200 м;[St];-18;-21;77;-21;1025.7;-0.6;979.1;;;;;;"
"12;07.01.16;040;1;н/о;дым{снег};10/4 100 м верхняя;[St|Ci];-21.1;-24.1;77;-21;1027.4;1;980.1;;;;;;"
"15;07.01.16;040;1;н/о;дым;6/6 100 м;[St];-23.2;-26.1;77;-24;1028.7;0.9;981;;-16.7;0.0;;;"
"18;07.01.16;360;2;н/о;;6/6 100 м;[St];-24.7;-27.7;76;-28;1029.5;0.5;981.5;;-16.7;0.0;;;"
"21;07.01.16;040;3;н/о;дым;8/8 100 м;[St];-25.6;-28.7;75;-31;1030.8;1;982.5;;;;;;"
"00;08.01.16;040;2;н/о;дым;4/4 100 м;[St];-25.7;-28.7;76;-29;1031.9;1.1;983.6;;;;;;"
"03;08.01.16;040;2;4000 м;дым;ясно;;-25.9;-28.9;76;-29;1034.2;2.1;985.7;;;;18;равномерный"
сухой снег
"100%;"
"06;08.01.16;040;2;4000 м;дым;8/0 верхняя;[Ci fib];-23.3;-26.5;75;-26;1035.6;1.8;987.5;-26.7;;;;;"
"09;08.01.16;050;3;4000 м;дым;10/0 верхняя;[Ci fib];-20.9;-24.2;75;-25;1035.5;0.4;987.9;;;;;;"
"12;08.01.16;050;2;н/о;дым;4/0 верхняя;[Ci fib];-24.8;-27.9;75;-28;1037.6;1.3;989.2;;;;;;"
"15;08.01.16;тихо;;н/о;;ясно;;-23.8;-26.7;77;-24;1038.7;1.2;990.4;;-20.7;;;;"
"18;08.01.16;тихо;;н/о;дым;ясно;;-24;-27;76;-24;1039.3;0.5;990.9;;-20.7;;;;"
"21;08.01.16;050;2;н/о;;ясно;;-25.2;-28.3;75;-28;1039.4;-0.1;990.8;;;;;;"
"00;09.01.16;тихо;;н/о;;ясно;;-23.7;-26.9;75;-24;1039.4;0.3;991.1;;;;;;"
"03;09.01.16;тихо;;4000 м;дым;ясно;;-22.4;-25.3;77;-22;1039.6;0.4;991.5;;;;18;равномерный"
сухой снег
"100%;"
"06;09.01.16;070;1;2000 м;дым;ясно;;-15.7;-18.5;79;-16;1038.1;-0.2;991.3;-25.5;;;;;"
"09;09.01.16;070;2;4000 м;дым;ясно;;-12;-16.9;67;-14;1035.7;-1.6;989.7;;;;;;"
"12;09.01.16;070;2;н/о;дым;ясно;;-13.8;-17.3;75;-16;1036.2;0.1;989.8;;;;;;"
"15;09.01.16;070;1;н/о;дым;ясно;;-17.5;-20;81;-18;1036.7;-0.1;989.7;;-11.7;;;;"
"18;09.01.16;090;3;н/о;дым;ясно;;-12.9;-16.6;74;-16;1033.8;-2;987.7;;-11.7;;;;"
"21;09.01.16;160;2;н/о;дым;ясно;;-12.5;-16.2;74;-15;1033.1;-0.6;987.1;;;;;;"
"00;10.01.16;120;1;н/о;дым;ясно;;-13;-16.2;77;-13;1032.3;-0.8;986.3;;;;;;"
"03;10.01.16;060;1;10 км;;4/0 верхняя;[Ci];-12.3;-15.7;76;-12;1031.8;-0.4;985.9;;;;18;равномерный"
сухой снег
"100%;"
"06;10.01.16;090;1;10 км;;10/0 средняя, верхняя;[Ac und|Ci];-9.8;-14.2;70;-10;1030.2;-1.1;984.8;-17.8;;;;;"
"09;10.01.16;140;2;10 км;;9/0 средняя;[Ac und];-6.4;-11.5;67;-8;1026.8;-2.7;982.1;;;;;;"
"12;10.01.16;100;2;10 км;;9/0 средняя;[Ac und];-6.7;-11.8;67;-8;1026.7;-0.1;982;;;;;;"
"15;10.01.16;160;2;н/о;;10/0 средняя;[Ac und];-5;-11.1;62;-6;1025.2;-1.2;980.8;;-4.8;;;;"
"18;10.01.16;170;3;н/о;;10/0 средняя;[Ac und];-5.5;-11.4;63;-8;1023.4;-1.8;979;;-4.8;;;;"
"21;10.01.16;090;2;н/о;;10/0 средняя;[Ac und];-4.1;-10.7;60;-5;1021.2;-1.9;977.1;;;;;;"
"00;11.01.16;120;2;н/о;;10/0 средняя;[Ac und];-4.2;-9.8;65;-5;1019.2;-1.9;975.2;;;;;;"
"03;11.01.16;170;3;10 км;;10/0 средняя;[Ac As];-3.3;-8.4;68;-5;1018;-1;974.2;;;;16;равномерный"
сухой снег
"100%;"
"06;11.01.16;120;2;10 км;;10/8 1000 м кучево-дожд., средняя;[Cb cap|Ac und];-1;-6.5;66;-2;1015.5;-2;972.2;-5.7;;;;;"
"09;11.01.16;150;2;4000 м;слаб. крупа{ливн. осадки} [диам. гололёда 1 мм];10/10 1000 м кучево-дожд.;[Cb cap];+0.1;-2.6;82;-1;1013.9;-1.4;970.8;;;;;;"
"12;11.01.16;180;4;10 км;{ливн. осадки};10/10 800 м кучево-дожд.;[Cb cap];+1.6;-2.7;73;-1;1012.5;-1.1;969.7;;;;;;"
"15;11.01.16;200;5;н/о;{ливн. осадки};10/10 330 м кучево-дожд.;[Cb cap];+0.4;-2.8;79;-3;1011.8;-0.8;968.9;;+1.8;2;;;"
"18;11.01.16;210;6;н/о;слаб. ливневой дождь;10/10 200 м кучево-дожд.;[Cb cap];+1.5;+0.3;92;-2;1011;-0.6;968.3;;+1.8;2;;;"
"21;11.01.16;210;5;н/о;{ливн. осадки};10/10 210 м;[Sc];-1.3;-3;88;-5;1014.2;2.6;970.9;;;;;;"
"00;12.01.16;210;4;н/о;слаб. снег{ливн. осадки};10/10 200 м;[Sc];-4;-5.7;88;-7;1018.1;3.3;974.2;;;;;;"
"03;12.01.16;170;5;4000 м;слаб. снег;10/10 1000 м;[Sc];-2.9;-5.7;81;-6;1019.4;1.4;975.6;;;0.4;17;равномерный"
сухой снег
"100%;"
"06;12.01.16;190;4;4000 м;{снег};10/10 600 м кучево-дожд.;[Cb cap];-2.2;-4.4;85;-5;1018.2;-1;974.6;-4.1;;0.4;;;"
"09;12.01.16;220;11-15{19};2000 м;слаб. ливневой снег;10/10 600 м кучево-дожд.;[Cb cap];-0.1;-1.8;88;-5;1015.8;-2;972.6;;;;;;"
"12;12.01.16;180;11-15{17};4000 м;слаб. ливневой снег;10/10 600 м кучево-дожд.;[Cb cap];-0.3;-1.9;89;-6;1015.2;-0.6;972;;;;;;"
"15;12.01.16;200;3{15};н/о;слаб. ливневой снег;10/10 600 м кучево-дожд.;[Cb cap];-4.6;-7;83;-7;1017.2;1.2;973.2;;+0.3;0.5;;;"
"18;12.01.16;230;3;н/о;слаб. снег{ливн. осадки};10/10 1000 м;[Sc];-8.6;-10.8;84;-11;1019.1;1.2;974.4;;+0.3;0.5;;;"
"21;12.01.16;280;7;н/о;позёмок{снег};3/3 1000 м;[St];-10.6;-12.9;83;-17;1022.1;2.5;976.9;;;;;;"
"00;13.01.16;230;2;н/о;позёмок{снег};ясно;;-15.6;-18.4;79;-18;1025.5;2.4;979.3;;;;;;"
"03;13.01.16;210;3;4000 м;слаб. снег;10/10 300 м;[Sc];-15.2;-18;79;-19;1026.2;0.7;980;;;0.4;17;равномерный"
сухой снег
"100%;"
"06;13.01.16;230;4;4000 м;слаб. снег;9/0;[St];-14.9;-18.7;73;-20;1027.7;1.5;981.5;-15.9;;0.4;;;"
"09;13.01.16;250;3;4000 м;слаб. снег;10/5 1000 м средняя;[Sc|As op];-13.3;-16.6;76;-17;1028.3;0.9;982.4;;;;;;"
"12;13.01.16;250;2;10 км;{снег};9/9 180 м;[St];-15.1;-17.8;80;-17;1030.5;1.8;984.2;;;;;;"
"15;13.01.16;220;2;н/о;;ясно;;-17.6;-20.1;81;-20;1032.5;1.4;985.6;;-13.2;0.3;;;"
"18;13.01.16;210;1;н/о;;ясно;;-20;-22.4;81;-20;1033.9;0.9;986.5;;-13.2;0.3;;;"
"21;13.01.16;тихо;;н/о;;ясно;;-21.2;-23.7;80;-21;1034.9;0.8;987.3;;;;;;"
"00;14.01.16;230;1;н/о;;ясно;;-21.9;-24.6;79;-22;1035.7;0.6;987.9;;;;;;"
"03;14.01.16;220;1;1000 м;дымка;10/10 100 м;[St];-19.5;-22.1;80;-20;1036;0.7;988.6;;;;16;равномерный"
сухой снег
"100%;"
"06;14.01.16;220;1;4000 м;снежные зёрна;9/9 200 м;[St];-18.1;-20.7;80;-18;1036.4;0.7;989.3;-22.4;;;;;"
"09;14.01.16;210;1;4000 м;снежные зёрна;8/8 200 м;[St];-15.6;-18;82;-16;1035.8;-0.2;989.1;;;;;;"
"12;14.01.16;тихо;;4000 м;дым{снег};8/0 верхняя;[Cc];-17.2;-19.5;82;-17;1036.6;0.5;989.6;;;;;;"
"15;14.01.16;тихо;;н/о;дым;ясно;;-18;-20.5;81;-18;1036.7;0;989.6;;-15.3;0.0;;;"
"18;14.01.16;190;1;н/о;;ясно;;-18;-20.5;81;-18;1036.6;-0.1;989.5;;-15.3;0.0;;;"
"21;14.01.16;тихо;;н/о;дым;ясно;;-19.3;-21.9;80;-19;1036.9;0;989.5;;;;;;"
"00;15.01.16;180;1;н/о;;ясно;;-18.9;-21.5;80;-19;1036.6;-0.2;989.3;;;;;;"
"03;15.01.16;160;1;10 км;;10/0 верхняя;[Ci fib];-15.8;-18.3;81;-16;1035.3;-0.7;988.6;;;;17;равномерный"
сухой снег
"100%;"
"06;15.01.16;080;1;10 км;;10/0 верхняя;[Ci];-12.4;-18.4;61;-12;1034.4;-0.2;988.4;-19.5;;;;;"
"09;15.01.16;100;2;10 км;;10/0 верхняя;[Cs];-9.5;-16.4;57;-11;1032.6;-1.3;987.1;;;;;;"
"12;15.01.16;100;2;10 км;;10/0 верхняя;[Cs];-9.9;-16.4;59;-12;1032.5;-0.1;987;;;;;;"
"15;15.01.16;120;2;н/о;;10/0 верхняя;[Cs];-11.8;-17.8;61;-14;1031.6;-1.2;985.8;;-8.9;;;;"
"18;15.01.16;100;3;н/о;позёмок;10/0 средняя, верхняя;[Ac trans|Cs];-11.1;-17.5;59;-14;1029.3;-2.1;983.7;;-8.9;;;;"
"21;15.01.16;150;2;н/о;позёмок;10/0 средняя, верхняя;[Ac trans|Ci];-11.1;-17.3;60;-13;1027.8;-1.4;982.3;;;;;;"
"00;16.01.16;090;1;н/о;;10/0 средняя, верхняя;[Ac trans|Ci];-10.2;-16.7;59;-10;1026;-1.6;980.7;;;;;;"
"03;16.01.16;140;2;10 км;;10/0 средняя, верхняя;[Ac As|Ci];-9.7;-15.6;62;-11;1024.5;-1.3;979.4;;;;17;равномерный"
сухой снег
"100%;"
"06;16.01.16;170;2;10 км;;10/0 средняя;[Ac As];-8;-14.2;61;-10;1022.9;-1.3;978.1;-12.1;;;;;"
"09;16.01.16;090;2;10 км;;10/0 средняя;[Ac As];-6;-13.1;57;-7;1019.6;-2.8;975.3;;;;;;"
"12;16.01.16;080;2;10 км;;10/0 средняя;[Ac As];-5.6;-12.1;60;-7;1018.5;-1;974.3;;;;;;"
"15;16.01.16;100;2;н/о;слаб. снег;10/10 600 м;[Sc];-6.6;-9;83;-8;1016.2;-2.3;972;;-5.3;0.0;;;"
"18;16.01.16;110;2;н/о;слаб. снег;10/9 100 м средняя;[Frnb|As op];-5.6;-7.4;87;-7;1014.3;-1.7;970.3;;-5.3;0.0;;;"
"21;16.01.16;140;1;н/о;слаб. снег;10/9 300 м средняя;[Frnb|As op];-5;-6.7;88;-5;1012.2;-1.9;968.4;;;;;;"
"00;17.01.16;130;1;н/о;слаб. снег;10/9 100 м средняя;[Frnb|As op];-5.2;-6.6;90;-5;1011.1;-1.1;967.3;;;;;;"
"03;17.01.16;160;1;4000 м;слаб. снег;10/9 300 м средняя;[Frnb|As op];-7.6;-9.5;86;-7;1012.5;1;968.3;;;9;21;равномерный"
сухой снег
"100%;"
"06;17.01.16;200;3;4000 м;слаб. снег;10/9 300 м средняя;[Frnb|As trans];-11.3;-14.2;79;-14;1015.2;1.9;970.2;-7.7;;9;;;"
"09;17.01.16;240;4;4000 м;слаб. снег;10/0 средняя;[As op];-12;-14.9;79;-16;1017.3;1.9;972.1;;;;;;"
"12;17.01.16;270;6;4000 м;слаб. снег;10/0 средняя;[As op];-14.6;-18;75;-21;1021.6;3.7;975.8;;;;;;"
"15;17.01.16;тихо;;н/о;{снег};10/10 960 м;[Sc];-16.3;-18.9;80;-16;1025.2;3.1;978.9;;-7.4;2;;;"
"18;17.01.16;020;1;н/о;дым{снег};ясно;;-17.7;-20.3;80;-18;1028;2.4;981.3;;-7.4;2;;;"
"21;17.01.16;050;3;н/о;;ясно;;-21.3;-24.4;76;-26;1031.9;3.1;984.4;;;;;;"
"00;18.01.16;290;2;н/о;;ясно;;-22.7;-25.8;76;-26;1035.2;2.9;987.3;;;;;;"
"03;18.01.16;350;1;10 км;дым;4/0 верхняя;[Cc];-23.5;-26.8;74;-24;1038.2;2.7;990;;;;23;равномерный"
сухой снег
"100%;"
"06;18.01.16;320;2;4000 м;в посл. час снег;ясно;;-21.7;-26;68;-25;1040.1;2.1;992.1;-23.5;;;;;"
"09;18.01.16;350;2;4000 м;дым;ясно;;-19.6;-25.4;60;-22;1041.3;1.6;993.7;;;;;;"
"12;18.01.16;340;1;4000 м;дым;3/0 верхняя;[Ci fib];-22.2;-26.2;70;-23;1043.8;1.9;995.6;;;;;;"
"15;18.01.16;тихо;;н/о;дым;10/10 270 м;[St];-22.4;-25.6;75;-22;1045.2;1.3;996.9;;-19;0.4;;;"
"18;18.01.16;200;1;н/о;дым;ясно;;-23.9;-26.8;77;-24;1045.7;0.2;997.1;;-19;0.4;;;"
"21;18.01.16;тихо;;н/о;дым;ясно;;-25.1;-28.2;75;-25;1046.5;0.5;997.6;;;;;;"
"00;19.01.16;тихо;;н/о;дым;ясно;;-24.4;-27.3;77;-24;1046.5;0.1;997.7;;;;;;"
"03;19.01.16;тихо;;4000 м;дым;ясно;;-24.2;-27.1;77;-24;1046.9;0.4;998.1;;;;23;равномерный"
сухой снег
"100%;"
"06;19.01.16;тихо;;4000 м;дым;ясно;;-18.5;-21.8;75;-19;1045.9;0.2;998.3;-26.7;;;;;"
"09;19.01.16;тихо;;4000 м;дым;ясно;;-16.8;-22.9;59;-17;1045.5;-0.1;998.2;;;;;;"
"12;19.01.16;050;2;4000 м;дым;ясно;;-17;-21.3;69;-19;1046.3;0.7;998.9;;;;;;"
"15;19.01.16;070;1;н/о;дым;ясно;;-20.2;-22.9;79;-20;1047;0.1;999;;-15;;;;"
"18;19.01.16;070;1;н/о;;ясно;;-21.2;-24.3;76;-22;1046.9;-0.3;998.7;;-15;;;;"
"21;19.01.16;тихо;;н/о;;ясно;;-18.5;-22.1;73;-19;1045.9;-0.4;998.3;;;;;;"
"00;20.01.16;тихо;;н/о;;ясно;;-18.1;-22.7;67;-18;1045.9;0;998.3;;;;;;"
"03;20.01.16;070;2;10 км;;ясно;;-17.6;-22.1;68;-20;1045.8;0;998.3;;;;23;равномерный"
сухой снег
"100%;"
"06;20.01.16;160;2;10 км;;ясно;;-14.8;-23.4;48;-17;1046.3;1;999.3;-25;;;;;"
"09;20.01.16;150;3;10 км;позёмок;ясно;;-13.2;-23.4;42;-17;1045.2;-0.8;998.5;;;;;;"
"12;20.01.16;070;3;10 км;позёмок;ясно;;-13.3;-19.8;58;-17;1044.8;-0.4;998.1;;;;;;"
"15;20.01.16;110;4;н/о;позёмок;ясно;;-14;-19.7;62;-19;1044.9;0;998.1;;-11.7;;;;"
"18;20.01.16;040;3;н/о;позёмок;ясно;;-14.1;-19.8;62;-18;1044.9;0;998.1;;-11.7;;;;"
"21;20.01.16;090;3;н/о;позёмок;ясно;;-13.3;-19.4;60;-17;1043.5;-1.2;996.9;;;;;;"
"00;21.01.16;150;3;н/о;позёмок;ясно;;-12.6;-19.3;57;-16;1043.5;0.1;997;;;;;;"
"03;21.01.16;180;2;10 км;позёмок;ясно;;-13.1;-20;56;-15;1043.8;0.2;997.2;;;;22;равномерный"
сухой снег
"100%;"
"06;21.01.16;180;3;10 км;позёмок;3/0 верхняя;[Ci fib];-10.2;-19.9;45;-13;1043.4;0.1;997.3;-14.5;;;;;"
"09;21.01.16;180;3;10 км;позёмок;4/0 верхняя;[Ci fib];-8.3;-18.1;45;-11;1042.3;-0.7;996.6;;;;;;"
"12;21.01.16;110;2;10 км;;8/0 средняя, верхняя;[Ac lent|Ci fib];-9.4;-17.2;53;-11;1043;0.5;997.1;;;;;;"
"15;21.01.16;150;2;н/о;;10/0 верхняя;[Cs];-10.2;-17.7;54;-12;1043.6;0.4;997.5;;-8;;;;"
"18;21.01.16;180;1;н/о;;10/0 верхняя;[Cs];-10.9;-17.7;57;-11;1043.4;-0.3;997.2;;-8;;;;"
"21;21.01.16;180;3;н/о;;10/0 верхняя;[Cs];-11.2;-17.8;58;-14;1043.6;0.2;997.4;;;;;;"
"00;22.01.16;180;1;н/о;;10/0 верхняя;[Ci];-11.5;-18.1;58;-11;1044.2;0.5;997.9;;;;;;"
"03;22.01.16;170;1;10 км;;10/0 верхняя;[Ci];-10.9;-17.5;58;-11;1044.1;0;997.9;;;;22;равномерный"
сухой снег
"100%;"
"06;22.01.16;180;1;10 км;;10/0 верхняя;[Cs];-8.5;-16.8;51;-8;1044.1;0.4;998.3;-12.3;;;;;"
"09;22.01.16;тихо;;4000 м;дым;10/0 верхняя;[Cs];-4.4;-15.4;42;-4;1043.1;-0.3;998;;;;;;"
"12;22.01.16;030;1;4000 м;дым;10/0 верхняя;[Cs];-9.2;-15.1;62;-9;1043.9;0;998;;;;;;"
"15;22.01.16;080;4;н/о;дым;10/0 верхняя;[Ci];-10.7;-17.6;57;-15;1043.6;-0.6;997.4;;-3.5;;;;"
"18;22.01.16;060;4;н/о;;10/0 верхняя;[Ci];-12.7;-18.1;64;-17;1043.3;-0.6;996.8;;-3.5;;;;"
"21;22.01.16;060;5;н/о;;10/0 верхняя;[Ci];-14.8;-19.4;68;-20;1043.4;-0.3;996.5;;;;;;"
"00;23.01.16;070;4;н/о;;8/0 средняя, верхняя;[Ac trans|Ci];-15.3;-19.7;69;-20;1043.6;0.1;996.6;;;;;;"
"03;23.01.16;060;5;10 км;;10/0 средняя, верхняя;[Ac trans|Ci];-15.2;-19.3;71;-21;1043.8;0.2;996.8;;;;22;равномерный"
сухой снег
"100%;"
"06;23.01.16;050;4;10 км;;10/0 средняя, верхняя;[Ac trans|Ci];-17.3;-21.3;71;-22;1044.7;0.5;997.3;-16.1;;;;;"
"09;23.01.16;050;6;10 км;;9/0 средняя;[Ac As];-16.3;-21;67;-23;1043.1;-1.3;996;;;;;;"
"12;23.01.16;050;5;10 км;;10/0 средняя, верхняя;[Ac trans|Ci];-17.6;-21.3;73;-24;1043.2;-0.2;995.8;;;;;;"
"15;23.01.16;050;5;н/о;;8/0 верхняя;[Ci fib];-19.3;-23.1;72;-26;1042.6;-0.8;995;;-15.1;;;;"
"18;23.01.16;050;3;н/о;;8/0 верхняя;[Ci fib];-19.6;-23.4;72;-24;1041.7;-1;994;;-15.1;;;;"
"21;23.01.16;080;2;н/о;;8/0 верхняя;[Ci fib];-13.4;-18.6;65;-16;1039.2;-1.2;992.8;;;;;;"
"00;24.01.16;080;3;н/о;;ясно;;-12.7;-18.8;60;-16;1038.4;-0.7;992.1;;;;;;"
"03;24.01.16;090;2;10 км;;3/0 средняя;[Ac und];-12.1;-19.1;56;-14;1037.6;-0.6;991.5;;;;22;равномерный"
сухой снег
"100%;"
"06;24.01.16;110;2;10 км;;ясно;;-8.4;-18;46;-10;1037;0;991.5;-20.9;;;;;"
"09;24.01.16;090;1;10 км;;3/0 верхняя;[Ci fib];-3.8;-16;38;-3;1034.4;-1.7;989.8;;;;;;"
"12;24.01.16;060;1;10 км;;4/0 верхняя;[Ci];-8.1;-16;53;-8;1034.1;-1;988.8;;;;;;"
"15;24.01.16;тихо;;н/о;;ясно;;-14.1;-18;72;-14;1034.5;-0.6;988.2;;-3.2;;;;"
"18;24.01.16;тихо;;н/о;дым;ясно;;-15.1;-17.9;79;-15;1033.7;-1;987.2;;-3.2;;;;"
"21;24.01.16;050;1;н/о;;ясно;;-10.7;-17.4;58;-11;1031;-1.8;985.4;;;;;;"
"00;25.01.16;тихо;;н/о;;ясно;;-17.1;-20.3;76;-17;1031.7;-0.4;985;;;;;;"
"03;25.01.16;070;2;4000 м;дым;ясно;;-15.5;-19.2;73;-18;1030;-1.4;983.6;;;;21;равномерный"
сухой снег
"100%;"
"06;25.01.16;060;1;4000 м;дым;ясно;;-16.4;-21.3;66;-17;1030.4;0.2;983.8;-18.3;;;;;"
"09;25.01.16;050;3;4000 м;дым;ясно;;-12.8;-19.5;57;-16;1028.1;-1.5;982.3;;;;;;"
"12;25.01.16;080;2;4000 м;дым;ясно;;-16.7;-20.9;70;-19;1028.5;-0.3;982;;;;;;"
"15;25.01.16;100;3;н/о;дым;ясно;;-16;-20.2;70;-20;1027.9;-0.5;981.5;;-10.3;;;;"
"18;25.01.16;040;1;н/о;дым;ясно;;-16.6;-20.9;69;-17;1026.6;-1.3;980.2;;-10.3;;;;"
"21;25.01.16;050;2;н/о;;ясно;;-17.6;-21.7;70;-20;1026.3;-0.5;979.7;;;;;;"
"00;26.01.16;030;1;н/о;;ясно;;-17.9;-22;70;-18;1025.6;-0.7;979;;;;;;"
"03;26.01.16;тихо;;4000 м;дым;ясно;;-18;-22.1;70;-18;1025.3;-0.3;978.7;;;;21;равномерный"
сухой снег
"100%;"
"06;26.01.16;080;3;4000 м;дым;3/0 верхняя;[Ci fib];-11.5;-19.4;52;-15;1023.9;-0.2;978.5;-19.1;;;;;"
"09;26.01.16;070;3;4000 м;дым;3/0 верхняя;[Ci fib];-9.9;-17;56;-13;1022.2;-1.4;977.1;;;;;;"
"12;26.01.16;060;3;4000 м;дым;4/0 верхняя;[Ci fib];-12.4;-17.3;67;-16;1023.5;0.8;977.9;;;;;;"
"15;26.01.16;060;3;н/о;;ясно;;-19.4;-23;73;-24;1024.5;-0.2;977.7;;-8.9;;;;"
"18;26.01.16;050;2;н/о;;ясно;;-20.9;-24.5;73;-24;1024.6;-0.2;977.5;;-8.9;;;;"
"21;26.01.16;050;1;н/о;;ясно;;-22.4;-25.6;75;-23;1024;-0.9;976.6;;;;;;"
"00;27.01.16;040;3;н/о;;ясно;;-23.9;-27.4;73;-29;1023.6;-0.6;976;;;;;;"
"03;27.01.16;020;2;4000 м;дым;3/0 верхняя;[Ci fib];-22.8;-26;75;-26;1023.5;0.1;976.1;;;;21;равномерный"
сухой снег
"100%;"
"06;27.01.16;060;1;4000 м;дым;ясно;;-17.5;-22.8;63;-18;1023.3;0.8;976.9;-24;;;;;"
"09;27.01.16;070;1;10 км;;ясно;;-11.2;-19.8;49;-11;1021.9;-0.3;976.6;;;;;;"
"12;27.01.16;120;2;10 км;;ясно;;-14.2;-20.3;60;-16;1023.3;0.8;977.4;;;;;;"
"15;27.01.16;180;2;н/о;дым;ясно;;-15;-21.4;58;-17;1023.7;0.3;977.7;;-10.6;;;;"
"18;27.01.16;060;1;н/о;;ясно;;-15.6;-21.6;60;-16;1023.8;0;977.7;;-10.6;;;;"
"21;27.01.16;130;2;н/о;дым;ясно;;-15;-19.4;69;-17;1023.1;-0.6;977.1;;;;;;"
"00;28.01.16;тихо;;н/о;слаб. снег;10/10 600 м;[Sc];-12.7;-15.6;79;-13;1022.6;-0.1;977;;;;;;"
"03;28.01.16;180;1;4000 м;слаб. снег;10/10 600 м;[Sc];-9.4;-11.7;83;-9;1022.4;0.4;977.4;;;0.3;21;равномерный"
сухой снег
"100%;"
"06;28.01.16;220;2;4000 м;слаб. снег;9/9 300 м;[Sc];-7.3;-9.7;83;-9;1023.8;1.7;979.1;-16.1;;0.3;;;"
"09;28.01.16;220;3;4000 м;слаб. снег;9/9 300 м;[Sc];-7.8;-11;78;-11;1024.8;0.9;980;;;;;;"
"12;28.01.16;190;1;10 км;{снег};10/10 800 м;[Sc];-8.6;-11.3;81;-8;1027;1.9;981.9;;;;;;"
"15;28.01.16;210;1;н/о;слаб. снег;10/10 300 м;[Sc];-9.8;-11.6;87;-10;1028.5;1.3;983.2;;-7.2;0.3;;;"
"18;28.01.16;200;1;н/о;слаб. снег;9/9 1000 м;[Sc];-11.1;-13.3;84;-11;1029.3;0.5;983.7;;-7.2;0.3;;;"
"21;28.01.16;тихо;;н/о;{снег};10/10 800 м;[Sc];-13.9;-15.9;85;-14;1030.9;1.1;984.8;;;;;;"
"00;29.01.16;тихо;;н/о;в посл. час снег;9/9 150 м;[Sc];-15.6;-17.8;83;-16;1031.9;0.6;985.4;;;;;;"
"03;29.01.16;тихо;;4000 м;дымка;ясно;;-17.3;-19.6;82;-17;1033.4;1.1;986.5;;;0.2;22;равномерный"
сухой снег
"100%;"
"06;29.01.16;190;1;4000 м;дым;ясно;;-13.5;-15.6;84;-13;1032.9;0.2;986.7;-17.7;;0.2;;;"
"09;29.01.16;220;1;10 км;;3/0 верхняя;[Ci fib];-9.9;-14.9;67;-10;1031.8;-0.4;986.3;;;;;;"
"12;29.01.16;210;1;4000 м;дым;3/0 верхняя;[Ci fib];-13.4;-17.2;73;-13;1033.7;1.2;987.5;;;;;;"
"15;29.01.16;180;1;н/о;;ясно;;-15.1;-17.9;79;-15;1034.7;0.7;988.2;;-9.8;;;;"
"18;29.01.16;150;1;н/о;;ясно;;-15.5;-17.4;85;-16;1035.4;0.6;988.8;;-9.8;;;;"
"21;29.01.16;190;1;н/о;;ясно;;-15.2;-17.3;84;-15;1035;-0.4;988.4;;;;;;"
"00;30.01.16;170;1;н/о;дым;ясно;;-16.6;-18.9;82;-17;1034.8;-0.4;988;;;;;;"
"03;30.01.16;180;2;10 км;;8/0 верхняя;[Ci];-15.3;-17.5;83;-18;1034.2;-0.3;987.7;;;;22;равномерный"
сухой снег
"100%;"
"06;30.01.16;180;2;4000 м;дым;4/0 верхняя;[Ci fib];-12.6;-14.7;84;-15;1033.5;-0.2;987.5;-17.8;;;;;"
"09;30.01.16;170;2;10 км;;6/0 верхняя;[Ci];-10.4;-15.3;67;-12;1031.8;-1.3;986.2;;;;;;"
"12;30.01.16;180;2;10 км;;10/0 средняя, верхняя;[Ac trans|Ci];-10.5;-13.6;78;-12;1031.8;0;986.2;;;;;;"
"15;30.01.16;190;1;н/о;;9/6 630 м средняя;[Sc|Ac As];-10.3;-12.3;85;-10;1031.9;0.1;986.3;;-10.2;;;;"
"18;30.01.16;190;1;н/о;{снег};9/9 1000 м;[Sc];-11;-12.7;87;-11;1031.1;-0.8;985.5;;-10.2;;;;"
"21;30.01.16;200;1;н/о;;ясно;;-13.3;-15.3;85;-13;1031.4;-0.2;985.3;;;;;;"
"00;31.01.16;180;3;н/о;;ясно;;-14.2;-16.2;85;-18;1030.5;-1;984.3;;;;;;"
"03;31.01.16;190;1;4000 м;слаб. снег;10/10 300 м;[Sc];-10.3;-12.5;84;-10;1028.9;-0.8;983.5;;;0.0;22;равномерный"
сухой снег
"100%;"
"06;31.01.16;170;5;4000 м;слаб. снег;10/9 1000 м средняя;[Sc|As op];-6.6;-9;83;-11;1026.7;-1.5;982;-14.7;;0.0;;;"
"09;31.01.16;190;4;4000 м;слаб. снег;10/9 300 м средняя;[Frnb|As op];-4;-6.5;83;-7;1024.5;-1.7;980.3;;;;;;"
"12;31.01.16;200;2;4000 м;слаб. снег;10/9 300 м средняя;[Frnb|As op];-4.1;-5.9;87;-5;1024.3;-0.2;980.1;;;;;;"
"15;31.01.16;210;2;н/о;слаб. снег;10/9 300 м средняя;[Frnb|As op];-3.9;-5.6;88;-5;1024;-0.2;979.9;;-3.5;2;;;"
"18;31.01.16;200;3;н/о;слаб. снег;10/9 200 м средняя;[Frnb|As op];-3.5;-4.9;90;-6;1023.5;-0.4;979.5;;-3.5;2;;;"
"21;31.01.16;200;3;н/о;в посл. час снег;10/9 240 м средняя;[Frnb|As op];-4.1;-5.6;89;-6;1024.2;0.5;980;;;;;;"
"00;01.02.16;200;2;н/о;{снег};10/10 210 м;[Sc];-5.2;-6.4;91;-7;1024.9;0.5;980.5;;;;;;"
"03;01.02.16;180;1;4000 м;слаб. снег;10/10 900 м;[Sc];-5.3;-6.8;89;-5;1025.4;0.5;981;;;0.8;23;равномерный"
сухой снег
"100%;"
"06;01.02.16;190;1;4000 м;слаб. снег;10/10 1000 м;[Sc];-4.6;-6.9;84;-4;1025.5;0.2;981.2;-5.4;;0.8;;;"
"09;01.02.16;220;1;4000 м;слаб. снег;10/10 300 м;[Sc];-4.3;-6.9;82;-4;1026;0.5;981.7;;;;;;"
"12;01.02.16;200;1;4000 м;слаб. снег;10/10 300 м;[Sc];-5.9;-8;85;-6;1027.5;1.2;982.9;;;;;;"
"15;01.02.16;тихо;;н/о;слаб. снег;10/10 1000 м;[Sc];-7.5;-9.1;88;-8;1029.2;1.3;984.2;;-3.6;0.3;;;"
"18;01.02.16;170;1;н/о;{снег};10/0 верхняя;[Ci];-9;-10.5;89;-9;1030.3;0.8;985;;-3.6;0.3;;;"
"21;01.02.16;190;1;н/о;;10/10 800 м;[Sc];-9.6;-11.1;89;-9;1031.1;0.7;985.7;;;;;;"
"00;02.02.16;220;1;н/о;слаб. снег;10/10 600 м;[Sc];-10.5;-12.1;88;-10;1032.1;0.8;986.5;;;;;;"
"03;02.02.16;230;1;4000 м;дым{снег};10/10 300 м;[St];-11;-13;85;-11;1034;1.7;988.2;;;0.0;23;равномерный"
сухой снег
"100%;"
"06;02.02.16;200;1;10 км;дым{снег};10/6 200 м средняя;[St|As trans];-10.1;-12.9;80;-10;1035.3;1.4;989.6;-11.5;;0.0;;;"
"09;02.02.16;140;1;4000 м;дым;10/10 180 м;[St];-7.1;-9.3;84;-7;1035.2;0.4;990;;;;;;"
"12;02.02.16;250;1;4000 м;дымка;10/10 100 м;[St];-8.2;-9.5;90;-8;1037.1;1.7;991.7;;;;;;"
"15;02.02.16;240;1;н/о;дымка;10/10 100 м;[St];-9;-10.5;89;-9;1038.2;0.9;992.6;;-6.7;0.0;;;"
"18;02.02.16;210;1;н/о;;10/10 150 м;[St];-11.6;-13.3;87;-11;1039.4;0.7;993.3;;-6.7;0.0;;;"
"21;02.02.16;190;1;н/о;;10/10 180 м;[St];-13.7;-15.7;85;-14;1039.8;0;993.3;;;;;;"
"00;03.02.16;190;1;н/о;;ясно;;-16.6;-18.8;83;-17;1039.8;-0.5;992.8;;;;;;"
"03;03.02.16;180;2;4000 м;дымка;10/6 100 м верхняя;[St|Cs];-16.8;-19.1;82;-19;1039.5;-0.3;992.5;;;;23;равномерный"
сухой снег
"100%;"
"06;03.02.16;160;3;10 км;;10/0 верхняя;[Ci];-12;-14;85;-15;1038.1;-0.5;992;-17.2;;;;;"
"09;03.02.16;190;4;10 км;;10/0 верхняя;[Ci];-9.6;-13.9;71;-14;1036.2;-1.4;990.6;;;;;;"
"12;03.02.16;180;4;10 км;позёмок;10/0 верхняя;[Ci];-9.4;-13.7;71;-13;1034.7;-1.4;989.2;;;;;;"
"15;03.02.16;160;3;н/о;позёмок;10/0 верхняя;[Ci];-9.9;-14;72;-13;1033.2;-1.6;987.6;;-8.2;;;;"
"18;03.02.16;180;3;н/о;позёмок;ясно;;-10;-14.6;69;-13;1031.1;-2;985.6;;-8.2;;;;"
"21;03.02.16;170;5;н/о;позёмок;10/0 верхняя;[Ci];-10.5;-14.7;71;-15;1029.1;-2;983.6;;;;;;"
"00;04.02.16;190;5;н/о;позёмок;10/0 средняя, верхняя;[Ac As|Ci];-9.9;-14;72;-15;1026.6;-2.3;981.3;;;;;;"
"03;04.02.16;190;5;4000 м;слаб. ливневой снег;10/10 600 м кучево-дожд.;[Cb cap];-9.2;-12.2;79;-14;1025.7;-0.7;980.6;;;0.0;24;равномерный"
сухой снег
"100%;"
"06;04.02.16;200;4;10 км;позёмок{ливн. осадки};10/10 600 м кучево-дожд.;[Cb cap];-7.2;-9.9;81;-11;1024.4;-0.9;979.7;-11;;0.0;;;"
"09;04.02.16;200;6;4000 м;слаб. снег;9/9 300 м;[Sc];-5.8;-8.4;82;-10;1022.6;-1.5;978.2;;;;;;"
"12;04.02.16;230;5;10 км;позёмок{снег};10/10 360 м;[St];-5.9;-8.3;83;-10;1021.2;-1.3;976.9;;;;;;"
"15;04.02.16;230;7{16};н/о;ливневой снег;10/10 200 м кучево-дожд.;[Cb cap];-4.3;-5.7;90;-9;1019.4;-1.5;975.4;;-4.2;0.8;;;"
"18;04.02.16;220;6{16};н/о;слаб. ливневой снег;10/10 200 м кучево-дожд.;[Cb cap];-2;-3.1;92;-6;1017.6;-1.3;974.1;;-4.2;0.8;;;"
"21;04.02.16;200;5{16};н/о;позёмок{ливн. осадки};10/10 100 м кучево-дожд.;[Cb cap];-0.8;-1.8;93;-4;1017.9;0.4;974.5;;;;;;"
"00;05.02.16;230;4;н/о;позёмок{ливн. осадки};10/10 150 м;[St];-0.5;-1.6;92;-3;1019.2;1.3;975.8;;;;;;"
"03;05.02.16;240;4;10 км;;10/10 420 м;[Sc];-0.2;-1.6;90;-3;1021.2;2;977.8;;;0.7;24;равномерный"
сухой снег
"100%;"
"06;05.02.16;270;6;10 км;;8/6 1080 м средняя;[Sc|Ac As];+0;-2.4;84;-3;1023.8;2.5;980.3;-4.3;;0.7;;;"
"09;05.02.16;190;3;10 км;;10/10 800 м кучево-дожд.;[Cb cap];-0.1;-3.1;80;-2;1026.3;2.4;982.7;;;;;;"
"12;05.02.16;240;3;10 км;;10/10 450 м кучево-дожд.;[Cb cap];+0;-2.5;83;-2;1027;0.7;983.4;;;;;;"
"15;05.02.16;240;5;н/о;слаб. снег;10/10 200 м;[St];+0.1;-0.9;93;-3;1025.1;-1.8;981.6;;+0.9;0.0;;;"
"18;05.02.16;230;6;н/о;{снег};10/10 400 м;[St];+0.8;-1.1;87;-3;1023.9;-1.1;980.5;;+0.9;0.0;;;"
"21;05.02.16;180;6{15};н/о;;10/10 1500 м;[Sc];+0.9;-3.6;72;-2;1023.8;-0.1;980.4;;;;;;"
"00;06.02.16;190;5{16};н/о;;6/0 верхняя;[Ci];-0.3;-4.4;74;-3;1023.5;-0.4;980;;;;;;"
"03;06.02.16;200;6{15};10 км;;8/0 средняя, верхняя;[Ac und|Ci fib];-1.5;-4.8;78;-5;1023.5;-0.2;979.8;;;0.0;25;равномерный"
сухой снег
"100%;"
"06;06.02.16;200;6;10 км;;8/0 верхняя;[Ci fib];-0.6;-7.2;61;-4;1023.4;0;979.8;-1.6;;0.0;;;"
"09;06.02.16;190;5;10 км;;10/0 верхняя;[Ci];+0.1;-6.5;61;-3;1022.1;-1.1;978.7;;;;;;"
"12;06.02.16;200;4;10 км;;10/0 верхняя;[Ci];-0.6;-3.5;81;-3;1022.1;-0.1;978.6;;;;;;"
"15;06.02.16;210;4;н/о;;10/0 верхняя;[Ci sp];-0.7;-3.1;84;-3;1021.4;-0.7;977.9;;+0.3;;;;"
"18;06.02.16;200;3;н/о;;10/0 верхняя;[Ci sp];-1.8;-5;79;-4;1020.1;-1.4;976.5;;+0.3;;;;"
"21;06.02.16;200;4;н/о;;10/0 верхняя;[Ci sp];-1;-5.2;73;-4;1018.1;-1.8;974.7;;;;;;"
"00;07.02.16;200;3;н/о;;10/0 верхняя;[Ci fib];-2.2;-6.2;74;-4;1016.2;-2;972.7;;;;;;"
"03;07.02.16;200;3;10 км;;10/0 верхняя;[Cs];-1.8;-6.2;72;-4;1014.3;-1.8;970.9;;;;24;равномерный"
сухой снег
"100%;"
"06;07.02.16;200;6;10 км;;10/0 верхняя;[Ci];+0.3;-5.7;64;-3;1011.6;-2.2;968.7;-2.5;;;;;"
"09;07.02.16;200;5;10 км;;10/0 верхняя;[Ci sp];+2.3;-4.4;61;0;1008.2;-3;965.7;;;;;;"
"12;07.02.16;200;5;10 км;;10/0 средняя;[Ac lent];-0.4;-4.3;75;-3;1006.9;-1.6;964.1;;;;;;"
"15;07.02.16;210;3;н/о;;10/10 600 м;[Sc];-1.9;-4.6;82;-4;1006.5;-0.7;963.4;;+2.3;;;;"
"18;07.02.16;210;4;н/о;;10/10 180 м;[Sc];-1.4;-2.8;90;-4;1006.3;-0.1;963.3;;+2.3;;;;"
"21;07.02.16;230;2;н/о;;10/10 100 м;[St];-1.4;-2.1;95;-2;1006.5;0.2;963.5;;;;;;"
"00;08.02.16;280;2;н/о;;10/10 100 м;[St];-1.6;-2.2;96;-3;1007;0.5;964;;;;;;"
"03;08.02.16;290;2;4000 м;слаб. снег{морось};10/10 100 м;[St];-2.1;-3.1;93;-3;1008.6;1.4;965.4;;;0.4;25;равномерный"
сухой снег
"100%;"
"06;08.02.16;030;4;4000 м;слаб. снег{морось};10/10 1000 м;[Sc];-3.7;-5.7;86;-7;1010.9;2;967.4;-2.2;;0.4;;;"
"09;08.02.16;010;4;4000 м;слаб. снег;10/9 300 м верхняя;[Sc|Cs];-4.6;-7.5;80;-8;1012.7;1.5;968.9;;;;;;"
"12;08.02.16;010;3;4000 м;слаб. снег;10/9 200 м средняя;[Frnb|As op];-5.6;-7.7;85;-8;1014.9;2;970.9;;;;;;"
"15;08.02.16;010;2;н/о;{снег};9/8 270 м средняя;[Sc|As trans];-7.9;-10;85;-9;1017.4;2;972.9;;-2.1;0.6;;;"
"18;08.02.16;350;2;н/о;дым{снег};ясно;;-11.7;-13.6;86;-14;1020.4;2.2;975.1;;-2.1;0.6;;;"
"21;08.02.16;310;1;н/о;слаб. снег;10/10 300 м;[Sc];-13;-15;85;-13;1022.6;1.9;977;;;;;;"
"00;09.02.16;270;2;н/о;{снег};3/0 средняя;[Ac As];-13.8;-15.9;84;-16;1024.3;1.5;978.5;;;;;;"
"03;09.02.16;290;2;4000 м;;10/0 средняя;[Ac und];-16.6;-18.8;83;-19;1027;2.1;980.6;;;0.3;25;равномерный"
сухой снег
"100%;"
"06;09.02.16;280;2;4000 м;ледяные иглы;10/0 верхняя;[Ci];-14.4;-17.5;77;-17;1028.4;1.7;982.3;-16.6;;0.3;;;"
"09;09.02.16;330;2;4000 м;слаб. снег;10/10 300 м;[St];-12.5;-16;75;-15;1029.2;1.1;983.4;;;;;;"
"12;09.02.16;320;2;10 км;{снег};3/0 средняя;[Ac lent];-14.6;-17.3;80;-17;1031.1;1.4;984.8;;;;;;"
"15;09.02.16;260;1;н/о;;ясно;;-17.6;-19.8;83;-18;1033.9;2.2;987;;-12.2;0.0;;;"
"18;09.02.16;260;1;н/о;;ясно;;-20.1;-22.7;80;-20;1036.1;1.6;988.6;;-12.2;0.0;;;"
"21;09.02.16;тихо;;н/о;;н/о;;-21.1;-23.8;79;-21;1038;1.6;990.2;;;;;;"
"00;10.02.16;тихо;;н/о;;ясно;;-22.6;-25.4;78;-23;1040.6;2.2;992.4;;;;;;"
"03;10.02.16;220;1;4000 м;слаб. снег;9/9 300 м;[St];-23.4;-26.3;77;-24;1042.4;1.6;994;;;0.0;26;равномерный"
сухой снег
"100%;"
"06;10.02.16;250;1;4000 м;слаб. снег;9/9 200 м;[St];-19.8;-22.6;78;-20;1043.9;2.1;996.1;-23.5;;0.0;;;"
"09;10.02.16;200;2;10 км;{снег};ясно;;-16.3;-20.3;71;-19;1043.9;0.6;996.7;;;;;;"
"12;10.02.16;200;2;4000 м;слаб. снег;9/0;[St];-18.4;-21.7;75;-21;1046.1;1.8;998.5;;;;;;"
"15;10.02.16;200;3;н/о;{снег};9/9 180 м;[St];-18.9;-21.5;80;-23;1047.1;0.8;999.3;;-15.5;0.0;;;"
"18;10.02.16;190;2;н/о;{снег};9/9 120 м;[St];-19.7;-22.1;81;-22;1046.9;-0.3;999;;-15.5;0.0;;;"
"21;10.02.16;190;2;н/о;ледяные иглы;ясно;;-19.2;-21.8;80;-22;1046.3;-0.5;998.5;;;;;;"
"00;11.02.16;190;3;н/о;;ясно;;-17.3;-19.8;81;-21;1045.2;-0.7;997.8;;;;;;"
"03;11.02.16;190;4;4000 м;снежные зёрна;10/10 300 м;[St];-15.5;-18.2;80;-20;1044;-0.8;997;;;0.0;26;равномерный"
сухой снег
"100%;"
"06;11.02.16;210;5;4000 м;слаб. снег;10/10 300 м;[Sc];-13.3;-16.5;77;-19;1043.1;-0.5;996.5;-20.3;;0.0;;;"
"09;11.02.16;210;4;4000 м;слаб. снег;10/10 300 м;[Sc];-10.9;-14.8;73;-15;1041.7;-0.9;995.6;;;;;;"
"12;11.02.16;210;4;10 км;позёмок{снег};9/9 600 м;[Sc];-11.4;-15.3;73;-16;1041.2;-0.6;995;;;;;;"
"15;11.02.16;190;4;н/о;позёмок;10/10 540 м;[Sc];-12;-15.5;75;-16;1040.4;-0.8;994.2;;-10.5;0.0;;;"
"18;11.02.16;210;4;н/о;позёмок;10/10 360 м;[St];-12;-15.4;76;-16;1039.3;-1.1;993.1;;-10.5;0.0;;;"
"21;11.02.16;210;3;н/о;позёмок;9/9 600 м;[Sc];-12.2;-15.1;79;-16;1038.4;-0.9;992.2;;;;;;"
"00;12.02.16;200;4;н/о;позёмок;10/10 420 м;[Sc];-13.7;-16.7;78;-18;1037.4;-1.2;991;;;;;;"
"03;12.02.16;200;3;4000 м;слаб. снег;10/10 300 м;[Sc];-13;-15.6;81;-16;1036.3;-0.9;990.1;;;0.2;25;равномерный"
сухой снег
"100%;"
"06;12.02.16;220;3;1000 м;снег;10/10 300 м;[Frnb];-11.9;-14.5;81;-15;1035.9;-0.2;989.9;-14;;0.2;;;"
"09;12.02.16;210;3;4000 м;слаб. снег;10/9 300 м средняя;[Frnb|As op];-11.2;-14.1;79;-14;1035;-0.8;989.1;;;;;;"
"12;12.02.16;210;2;4000 м;слаб. снег;10/9 300 м средняя;[Frnb|As op];-10.6;-13.1;82;-12;1034.4;-0.4;988.7;;;;;;"
"15;12.02.16;200;1;н/о;слаб. снег;10/10 1000 м;[Sc];-10.2;-12.2;85;-10;1034.5;0.1;988.8;;-10.1;2;;;"
"18;12.02.16;200;1;н/о;слаб. снег;10/10 1000 м;[Sc];-9.8;-11.8;85;-10;1034.1;-0.3;988.5;;-10.1;2;;;"
"21;12.02.16;200;1;н/о;слаб. снег;9/9 300 м;[St];-10.4;-12.4;85;-10;1033.8;-0.4;988.1;;;;;;"
"00;13.02.16;180;1;н/о;{снег};9/9 330 м;[St];-12.2;-14.2;85;-12;1034.7;0.6;988.7;;;;;;"
"03;13.02.16;240;2;4000 м;слаб. снег;10/3 600 м средняя;[Sc|Ac As];-11.4;-13.9;82;-13;1035.5;0.9;989.6;;;2;28;равномерный"
сухой снег
"100%;"
"06;13.02.16;170;3;4000 м;слаб. снег;10/3 600 м средняя, верхняя;[Sc|Ac trans|Cc];-9.2;-12.8;75;-12;1036;0.8;990.4;-12.7;;2;;;"
"09;13.02.16;190;2;10 км;{снег};3/0 верхняя;[Ci fib];-7.3;-12.6;66;-9;1036.4;0.7;991.1;;;;;;"
"12;13.02.16;тихо;;10 км;{снег};10/0 средняя, верхняя;[Ac trans|Ci];-8;-14.2;61;-8;1037.1;0.6;991.7;;;;;;"
"15;13.02.16;тихо;;н/о;;9/0 средняя;[Ac As];-8.4;-15;59;-8;1037.7;0.5;992.2;;-6.8;0.0;;;"
"18;13.02.16;030;1;н/о;;3/0 верхняя;[Ci fib];-13;-17.5;69;-13;1038.2;0.3;991.9;;-6.8;0.0;;;"
"21;13.02.16;070;3;н/о;;10/0 средняя;[Ac und];-12.2;-16.7;69;-16;1037.3;-0.7;991.2;;;;;;"
"00;14.02.16;050;2;н/о;;10/0 средняя;[Ac und];-12.9;-17.4;69;-15;1036.8;-0.6;990.6;;;;;;"
"03;14.02.16;060;1;10 км;;10/0 средняя, верхняя;[Ac trans|Ci];-13.5;-17;75;-13;1037.4;0.4;991;;;;29;равномерный"
сухой снег
"100%;"
"06;14.02.16;080;2;10 км;;8/0 верхняя;[Ci fib];-8.6;-16.9;51;-10;1035.9;-0.6;990.4;-14.3;;;;;"
"09;14.02.16;100;1;10 км;;6/0 верхняя;[Ci fib];-6.9;-16.6;46;-7;1034.8;-0.7;989.7;;;;;;"
"12;14.02.16;060;2;10 км;;8/0 верхняя;[Ci];-9.5;-15.8;60;-11;1036;0.7;990.4;;;;;;"
"15;14.02.16;030;1;н/о;;ясно;;-11.3;-17.9;58;-11;1036.7;0.3;990.7;;-6.5;;;;"
"18;14.02.16;040;2;н/о;;ясно;;-15;-18.9;72;-17;1036.3;-1;989.7;;-6.5;;;;"
"21;14.02.16;060;2;н/о;;ясно;;-15.2;-18;79;-17;1035.5;-0.8;988.9;;;;;;"
"00;15.02.16;060;2;н/о;;ясно;;-17.3;-20.2;78;-20;1035.7;-0.2;988.7;;;;;;"
"03;15.02.16;050;2;4000 м;дым;6/0 верхняя;[Ci fib];-18.8;-21.7;78;-21;1035.9;0;988.7;;;;27;равномерный"
сухой снег
"100%;"
"06;15.02.16;070;2;4000 м;дым;8/0 средняя;[Ac trans];-14.4;-19.7;64;-17;1035;-0.1;988.6;-19.1;;;;;"
"09;15.02.16;040;2;4000 м;дым;8/0 верхняя;[Cc];-11.4;-18.2;57;-13;1034.6;0.1;988.7;;;;;;"
"12;15.02.16;050;3;10 км;;8/0 средняя;[Ac trans];-14.4;-19;68;-18;1035.3;0.2;988.9;;;;;;"
"15;15.02.16;050;3;н/о;;8/0 средняя;[Ac trans];-16;-18.5;81;-20;1035.9;0.3;989.2;;-10.3;;;;"
"18;15.02.16;040;2;н/о;;9/0 средняя;[Ac As];-16.4;-18.6;83;-19;1036.4;0.4;989.6;;-10.3;;;;"
"21;15.02.16;030;3;н/о;дымка;9/9 200 м;[St];-15.8;-18;83;-20;1036;-0.3;989.3;;;;;;"
"00;16.02.16;040;3;н/о;;10/0 верхняя;[Ci];-17.1;-19.6;81;-21;1037;0.7;990;;;;;;"
"03;16.02.16;040;4;0500 м;слаб. снег{туман};?/? ;;-17.7;-20.2;81;-23;1038.4;1.2;991.2;;;0.0;27;равномерный"
сухой снег
"100%;"
"06;16.02.16;030;4;10 км;ледяные иглы{снег, туман};ясно;;-15.1;-17.6;81;-20;1039.3;1.4;992.6;-18.2;;0.0;;;"
"09;16.02.16;030;4;10 км;ледяные иглы;ясно;;-11.7;-15.9;71;-16;1039.1;0.4;993;;;;;;"
"12;16.02.16;020;2;4000 м;дым;ясно;;-11.4;-14.5;78;-13;1040.3;1.2;994.2;;;;;;"
"15;16.02.16;тихо;;н/о;дым;ясно;;-14.6;-16.6;85;-15;1042.3;1.3;995.5;;-10.6;0.0;;;"
"18;16.02.16;тихо;;н/о;туман;?/? ;;-17.7;-20.2;81;-18;1044.2;1.3;996.8;;-10.6;0.0;;;"
"21;16.02.16;тихо;;н/о;туман;?/? ;;-19.2;-21.8;80;-19;1044.9;0.4;997.2;;;;;;"
"00;17.02.16;210;1;н/о;дымка{туман};ясно;;-20.3;-23;79;-21;1046;0.8;998;;;;;;"
"03;17.02.16;210;2;1000 м;дымка{туман};10/10 100 м;[St];-20.1;-22.8;79;-23;1047.2;1.2;999.2;;;;27;равномерный"
сухой снег
"100%;"
"06;17.02.16;240;1;10 км;ледяные иглы{туман};ясно;;-15.2;-17.6;82;-15;1046.8;0.5;999.7;-21;;;;;"
"09;17.02.16;200;2;10 км;;ясно;;-13.1;-15.4;83;-15;1045.3;-1;998.7;;;;;;"
"12;17.02.16;160;1;10 км;;ясно;;-12.9;-17.2;70;-13;1045.3;0;998.7;;;;;;"
"15;17.02.16;210;1;н/о;;ясно;;-12.9;-15.6;80;-13;1044.5;-0.8;997.9;;-11.2;0.0;;;"
"18;17.02.16;180;3;н/о;;ясно;;-13.4;-17.5;71;-17;1044;-0.5;997.4;;-11.2;0.0;;;"
"21;17.02.16;220;3;н/о;;ясно;;-13.6;-17.7;71;-17;1044;-0.1;997.3;;;;;;"
"00;18.02.16;300;2;н/о;позёмок;ясно;;-13.8;-18.3;69;-16;1043.9;-0.1;997.2;;;;;;"
"03;18.02.16;190;2;10 км;;ясно;;-14.1;-18.7;68;-16;1044.7;0.7;997.9;;;;27;равномерный"
сухой снег
"100%;"
"06;18.02.16;180;3;10 км;позёмок;3/0 верхняя;[Ci fib];-10.8;-17.4;58;-14;1044.9;0.8;998.7;-14.8;;;;;"
"09;18.02.16;180;2;10 км;;3/0 верхняя;[Ci fib];-7.1;-14.6;55;-9;1044;-0.3;998.4;;;;;;"
"12;18.02.16;200;2;10 км;;4/0 верхняя;[Ci];-8.7;-14.7;62;-10;1044.3;0.1;998.5;;;;;;"
"15;18.02.16;170;1;н/о;;3/0 верхняя;[Ci fib];-10.3;-15.4;66;-10;1045;0.4;998.9;;-6.6;;;;"
"18;18.02.16;250;2;н/о;;3/0 верхняя;[Ci fib];-9.7;-15.6;62;-11;1043.9;-1;997.9;;-6.6;;;;"
"21;18.02.16;тихо;;н/о;;ясно;;-11.9;-16.6;68;-12;1043.2;-1;996.9;;;;;;"
"00;19.02.16;040;1;н/о;;ясно;;-12.9;-17.2;70;-13;1043.2;-0.2;996.7;;;;;;"
"03;19.02.16;130;1;4000 м;дым;6/0 средняя;[Ac lent];-13.5;-16.5;78;-13;1042.7;-0.6;996.1;;;;27;равномерный"
сухой снег
"100%;"
"06;19.02.16;050;2;4000 м;дым;4/0 верхняя;[Ci fib];-9.6;-17;55;-11;1041.8;-0.2;995.9;-14.4;;;;;"
"09;19.02.16;050;1;10 км;;8/0 верхняя;[Ci fib];-1.9;-12.8;43;-1;1038.2;-2.2;993.7;;;;;;"
"12;19.02.16;040;3;10 км;;8/0 верхняя;[Ci];-6.3;-13.9;55;-9;1038;-0.9;992.8;;;;;;"
"15;19.02.16;360;1;н/о;дым;ясно;;-9.9;-14.3;70;-10;1038.5;-0.1;992.7;;-1.5;;;;"
"18;19.02.16;110;1;н/о;дым;ясно;;-10.4;-15.2;68;-10;1038.1;-0.5;992.2;;-1.5;;;;"
"21;19.02.16;030;1;н/о;дым;4/0 верхняя;[Ci fib];-12.2;-16;73;-12;1037.3;-1;991.2;;;;;;"
"00;20.02.16;020;1;н/о;;ясно;;-12.3;-16;74;-12;1037.2;-0.1;991.1;;;;;;"
"03;20.02.16;060;2;10 км;;3/0 верхняя;[Ci fib];-11.1;-15.3;71;-13;1037.6;0.5;991.6;;;;26;равномерный"
сухой снег
"100%;"
"06;20.02.16;060;1;10 км;;4/0 верхняя;[Ci];-4.2;-13.3;49;-4;1036.9;0.5;992.1;-14.6;;;;;"
"09;20.02.16;040;2;4000 м;дым;ясно;;-2;-11;50;-3;1036.1;-0.4;991.7;;;;;;"
"12;20.02.16;070;2;4000 м;дым;4/0 верхняя;[Ci fib];-5.7;-12;61;-7;1037.3;0.6;992.3;;;;;;"
"15;20.02.16;040;1;н/о;дым;ясно;;-9.6;-13.5;73;-9;1038.3;0.3;992.6;;-1.5;;;;"
"18;20.02.16;тихо;;н/о;дым;ясно;;-12.2;-14.5;83;-12;1038.4;-0.4;992.2;;-1.5;;;;"
"21;20.02.16;060;1;н/о;дым;ясно;;-9.9;-15;66;-10;1037.3;-0.6;991.6;;;;;;"
"00;21.02.16;140;1;н/о;дым;ясно;;-11;-16.8;62;-11;1037.2;-0.3;991.3;;;;;;"
"03;21.02.16;150;2;10 км;;ясно;;-8.7;-16.3;54;-10;1036.7;-0.1;991.2;;;;26;равномерный"
сухой снег
"100%;"
"06;21.02.16;180;1;10 км;;ясно;;-3.9;-14.9;42;-3;1035.8;-0.1;991.1;-13.8;;;;;"
"09;21.02.16;180;2;10 км;;ясно;;-2.3;-14.1;40;-3;1035;-0.5;990.6;;;;;;"
"12;21.02.16;140;1;10 км;;ясно;;-3.8;-12.7;50;-3;1035.4;0.2;990.8;;;;;;"
"15;21.02.16;160;1;н/о;;ясно;;-7;-13.9;58;-7;1036.2;0.2;991;;-2;;;;"
"18;21.02.16;210;2;н/о;;ясно;;-8;-14.8;58;-10;1036.9;0.5;991.5;;-2;;;;"
"21;21.02.16;220;1;н/о;;ясно;;-9.7;-14.5;68;-10;1037.2;0;991.5;;;;;;"
"00;22.02.16;200;1;н/о;;ясно;;-10.9;-15.1;71;-11;1037.7;0.3;991.8;;;;;;"
"03;22.02.16;250;2;10 км;;ясно;;-10.3;-14.9;69;-12;1038.9;1.2;993;;;;26;равномерный"
сухой снег
"100%;"
"06;22.02.16;160;2;10 км;;ясно;;-6.9;-14.4;55;-8;1038.9;0.6;993.6;-12.9;;;;;"
"09;22.02.16;210;2;10 км;;ясно;;-3.3;-11.7;52;-4;1038.6;0.3;993.9;;;;;;"
"12;22.02.16;190;2;10 км;;3/0 верхняя;[Ci fib];-4.5;-11.9;56;-6;1039.2;0.4;994.3;;;;;;"
"15;22.02.16;180;1;н/о;;ясно;;-8.7;-13.4;69;-8;1040.9;0.9;995.2;;-2.6;;;;"
"18;22.02.16;170;2;н/о;;ясно;;-9.5;-13.6;72;-11;1041;0;995.2;;-2.6;;;;"
"21;22.02.16;190;2;н/о;;ясно;;-11.4;-14.9;75;-13;1041.2;-0.2;995;;;;;;"
"00;23.02.16;170;1;н/о;;ясно;;-11.4;-15.4;72;-11;1040.2;-0.9;994.1;;;;;;"
"03;23.02.16;170;2;4000 м;дым;10/0 верхняя;[Ci fib];-11.1;-15.8;68;-13;1039.6;-0.5;993.6;;;;27;равномерный"
сухой снег
"100%;"
"06;23.02.16;210;2;10 км;;10/0 верхняя;[Ci];-5.8;-14.1;52;-7;1037.7;-1;992.6;-12.8;;;;;"
"09;23.02.16;250;2;10 км;;10/0 средняя, верхняя;[As trans|Cs];-3.5;-12.4;50;-5;1035.1;-2.1;990.5;;;;;;"
"12;23.02.16;180;2;10 км;;10/0 средняя;[As op];-2.8;-10.4;56;-4;1033.4;-1.5;989;;;;;;"
"15;23.02.16;250;2;н/о;;4/0 средняя;[Ac trans];-2.7;-8.4;65;-4;1031.8;-1.5;987.5;;-2;;;;"
"18;23.02.16;210;3;н/о;;9/0 средняя;[Ac As];-1.8;-6;73;-4;1029.4;-2.1;985.4;;-2;;;;"
"21;23.02.16;240;3;н/о;;8/0 средняя, верхняя;[Ac trans|Cc];-1.1;-4.3;79;-3;1029.5;0.2;985.6;;;;;;"
"00;24.02.16;220;3;н/о;;8/0 средняя;[Ac As];-0.8;-4.5;76;-3;1029.4;-0.1;985.5;;;;;;"
"03;24.02.16;200;3;10 км;;3/0 верхняя;[Ci fib];-1.8;-5.8;74;-4;1030;0.4;985.9;;;;27;равномерный"
сухой снег
"100%;"
"06;24.02.16;200;4;10 км;;4/0 верхняя;[Ci];-0.6;-6;67;-3;1030.5;0.7;986.6;-2.8;;;;;"
"09;24.02.16;210;3;10 км;;3/0 верхняя;[Ci];+0.8;-4.6;67;-1;1030.5;0.2;986.8;;;;;;"
"12;24.02.16;210;3;10 км;;8/0 верхняя;[Ci];+0.4;-3.7;74;-1;1030.1;-0.4;986.4;;;;;;"
"15;24.02.16;200;2;н/о;;ясно;;-0.3;-3.7;78;-1;1029.9;-0.3;986.1;;+1.1;;;;"
"18;24.02.16;200;3;н/о;;ясно;;-0.5;-3.4;81;-2;1029.9;0;986.1;;+1.1;;;;"
"21;24.02.16;200;3;н/о;;ясно;;-0.8;-4.8;74;-3;1030;0;986.1;;;;;;"
"00;25.02.16;200;3;н/о;;10/0 верхняя;[Ci];-2.4;-6;76;-4;1029.5;-0.7;985.4;;;;;;"
"03;25.02.16;190;2;10 км;;10/0 верхняя;[Ci];-2.3;-6.8;71;-3;1029.5;0;985.4;;;;25;равномерный"
сухой снег
"100%;"
"06;25.02.16;210;2;10 км;;4/0 верхняя;[Ci fib];+1.9;-5.7;57;+1;1028.4;-0.4;985;-3.1;;;;;"
"09;25.02.16;200;3;10 км;;10/0 верхняя;[Ci];+5.2;-5.5;46;+4;1027.2;-0.7;984.3;;;;;;"
"12;25.02.16;200;2;10 км;;10/0 верхняя;[Ci];+3.8;-4.2;56;+3;1026.9;-0.5;983.8;;;;;;"
"15;25.02.16;200;2;н/о;;ясно;;+2.9;-5.2;55;+2;1026.2;-0.8;983;;+5.9;;;;"
"18;25.02.16;190;2;н/о;;ясно;;+2;-6.3;54;+1;1025.7;-0.6;982.4;;+5.9;;;;"
"21;25.02.16;190;1;н/о;;ясно;;+2.4;-7.8;47;+3;1024.3;-1.3;981.1;;;;;;"
"00;26.02.16;090;1;н/о;;ясно;;+1.4;-9;46;+2;1023.3;-1.1;980;;;;;;"
"03;26.02.16;280;1;10 км;;10/0 верхняя;[Ci];+2.5;-8.2;45;+3;1022.5;-0.6;979.4;;;;23;равномерный"
мокрый или
старый снег
"100%;"
"06;26.02.16;200;3;10 км;;ясно;;+6.8;-7.6;35;+6;1020.8;-1;978.4;+0.1;;;;;"
"09;26.02.16;140;2;10 км;;ясно;;+7.8;-5.3;39;+8;1018.4;-2.1;976.3;;;;;;"
"12;26.02.16;140;5;10 км;;ясно;;+6.7;-4.7;44;+5;1016.7;-1.8;974.5;;;;;;"
"15;26.02.16;220;5;н/о;;4/0 верхняя;[Ci fib];+3.5;-2.5;65;+1;1017.6;0.4;974.9;;+8.2;;;;"
"18;26.02.16;200;6;н/о;;10/10 180 м;[St];+2.4;+0.9;90;-1;1018.5;0.7;975.6;;+8.2;;;;"
"21;26.02.16;210;5;н/о;;10/10 100 м;[Sc];+2.3;+1.4;94;0;1019.5;0.9;976.5;;;;;;"
"00;27.02.16;220;3;н/о;слаб. дождь;10/10 100 м;[St];+1.5;+0.8;95;0;1020.9;1.3;977.8;;;;;;"
"03;27.02.16;220;4;4000 м;в посл. час дождь;10/10 100 м;[St];+1.4;+0.8;96;-1;1023.2;2.2;980;;;0.0;13;равномерный"
мокрый или
старый снег
"100%;"
"06;27.02.16;230;2;4000 м;дымка{дождь};10/10 100 м;[St];+0.9;+0;94;0;1027.3;3.8;983.8;+1.3;;0.0;;;"
"09;27.02.16;280;4;4000 м;дымка;10/10 100 м;[St];+1.1;+0.1;93;-1;1029.7;2.3;986.1;;;;;;"
"12;27.02.16;280;3;1000 м;дымка;10/10 100 м;[St];+0.3;-0.4;95;-1;1032.1;2.2;988.3;;;;;;"
"15;27.02.16;280;3;н/о;дымка{туман};10/10 100 м;[St];-0.2;-0.8;96;-2;1034.8;2.5;990.8;;+1.7;;;;"
"18;27.02.16;310;1;н/о;дымка{туман};10/10 100 м;[St];-2.1;-2.7;96;-2;1037;1.8;992.6;;+1.7;;;;"
"21;27.02.16;350;1;н/о;дымка;10/10 100 м;[St];-3.1;-3.6;96;-3;1038.6;1.4;994;;;;;;"
"00;28.02.16;280;1;н/о;туман;н/о;;-4;-4.7;95;-4;1039.3;0.5;994.5;;;;;;"
"03;28.02.16;210;1;0200 м;туман;н/о;;-3.9;-4.6;95;-3;1040.8;1.4;995.9;;;;13;равномерный"
мокрый или
старый снег
"100%;"
"06;28.02.16;210;1;10 км;{снег, туман};10/10 240 м;[St];-1.9;-2.6;95;-1;1039.7;-0.7;995.2;-4.1;;;;;"
"09;28.02.16;200;3;10 км;;10/10 210 м;[St];-0.2;-1.9;88;-2;1038.1;-1.2;994;;;;;;"
"12;28.02.16;200;3;10 км;;10/10 210 м;[St];+0;-1.4;90;-2;1037.2;-0.9;993.1;;;;;;"
"15;28.02.16;210;2;н/о;дымка;10/10 100 м;[St];-1.2;-1.9;95;-2;1036.1;-1.2;991.9;;+0.3;0.0;;;"
"18;28.02.16;200;3;н/о;туман;?/? ;;-1.2;-1.6;97;-3;1034.3;-1.7;990.2;;+0.3;0.0;;;"
"21;28.02.16;190;4;н/о;туман;?/? ;;-2.1;-2.5;97;-5;1033.2;-1.2;989;;;;;;"
"00;29.02.16;210;2;н/о;туман [диам. гололёда 2 мм];?/? ;;-3.1;-3.6;96;-4;1032.9;-0.5;988.5;;;;;;"
"03;29.02.16;200;2;0500 м;снежные зёрна{туман} [диам. гололёда 2 мм];?/? ;;-3;-3.5;96;-4;1032.5;-0.3;988.2;;;0.0;13;равномерный"
мокрый или
старый снег
"100%;"
"06;29.02.16;290;2;4000 м;снежные зёрна{туман};10/10 200 м;[St];-2.5;-3;96;-4;1033.1;0.6;988.8;-3.3;;0.0;;;"
"09;29.02.16;тихо;;10 км;{снег};10/10 240 м;[St];-3.1;-4.2;92;-3;1032.2;-1;987.8;;;;;;"
"12;29.02.16;тихо;;4000 м;дым{снег};10/10 300 м;[St];-2.1;-3.7;89;-2;1030.4;-1.5;986.3;;;;;;"
"15;29.02.16;тихо;;н/о;дым;10/10 240 м;[St];-2.1;-3.7;89;-2;1028.5;-1.8;984.5;;-1.7;0.0;;;"
"18;29.02.16;220;2;н/о;дымка;10/10 100 м;[St];-2.4;-3.1;95;-3;1025.1;-3.3;981.2;;-1.7;0.0;;;"
"21;29.02.16;210;1;н/о;туман;?/? ;;-1.6;-2;97;-1;1021.5;-3.3;977.9;;;;;;"
"00;01.03.16;270;1;н/о;{туман};10/10 100 м;[St];-2.1;-2.5;97;-2;1019.5;-2;975.9;;;;;;"
"03;01.03.16;310;2;4000 м;снежные зёрна;10/10 100 м;[St];-3.1;-3.6;96;-4;1020.1;0.4;976.3;;;0.0;15;равномерный"
мокрый или
старый снег
"100%;"
"06;01.03.16;010;3;4000 м;дым{снег};10/10 240 м;[St];-3.3;-5;88;-5;1021.5;1.3;977.6;-3.2;;0.0;;;"
"09;01.03.16;330;2;10 км;;10/10 360 м;[St];-3.2;-6.2;80;-4;1022.6;1;978.6;;;;;;"
"12;01.03.16;320;1;4000 м;снежные зёрна;10/10 200 м;[St];-3.6;-5.4;87;-3;1022.6;0;978.6;;;;;;"
"15;01.03.16;260;2;н/о;снежные зёрна;10/10 200 м;[St];-4.3;-6;88;-6;1022.9;0.1;978.7;;-2.9;0.0;;;"
"18;01.03.16;210;2;н/о;{снег};10/10 210 м;[St];-3.9;-5.3;90;-5;1021.2;-1.5;977.2;;-2.9;0.0;;;"
"21;01.03.16;250;6;н/о;снежные зёрна{морось};10/10 300 м;[St];-3.3;-4.7;90;-7;1019.2;-1.8;975.4;;;;;;"
"00;02.03.16;260;3;н/о;слаб. ливневой снег{морось};10/10 600 м кучево-дожд.;[Cb cap];-3.7;-5;91;-6;1018.4;-0.9;974.5;;;;;;"
"03;02.03.16;300;4;10 км;{ливн. осадки};3/3 300 м;[St];-5.4;-7.4;86;-9;1020.4;1.7;976.2;;;0.7;15;равномерный"
сухой снег
"100%;"
"06;02.03.16;280;5;10 км;позёмок{ливн. осадки, снег};9/9 270 м;[St];-5.2;-7.9;81;-9;1023.2;2.7;978.9;-5.5;;0.7;;;"
"09;02.03.16;290;5;10 км;позёмок;9/9 400 м;[St];-4.7;-8.3;76;-9;1025.9;2.6;981.5;;;;;;"
"12;02.03.16;280;4;10 км;;8/4 700 м средняя;[Sc diur, vesp|Ac trans];-5.6;-8.7;79;-9;1030.3;4.1;985.6;;;;;;"
"15;02.03.16;290;4;н/о;;3/3 200 м;[St];-7.7;-9.6;86;-11;1034.8;4;989.6;;-4.3;0.0;;;"
"18;02.03.16;270;2;н/о;;6/6 200 м;[St];-10.3;-11.9;88;-12;1038.2;2.8;992.4;;-4.3;0.0;;;"
"21;02.03.16;тихо;;н/о;;ясно;;-11.9;-13.6;87;-12;1040.9;2.3;994.7;;;;;;"
"00;03.03.16;тихо;;н/о;;ясно;;-13.3;-15.1;86;-13;1043;1.7;996.4;;;;;;"
"03;03.03.16;тихо;;4000 м;слаб. снег;9/9 300 м;[St];-14.1;-16.1;85;-14;1045.1;1.9;998.3;;;0.0;15;равномерный"
сухой снег
"100%;"
"06;03.03.16;200;2;4000 м;слаб. снег;9/9 300 м;[St];-9.9;-13;78;-12;1045.1;0.7;999;-15;;0.0;;;"
"09;03.03.16;210;2;10 км;{снег};10/0 верхняя;[Ci];-6.2;-10.4;72;-8;1043;-1.4;997.6;;;;;;"
"12;03.03.16;210;2;10 км;{снег};9/0 средняя;[As op];-5.5;-9.3;75;-7;1040.9;-1.8;995.8;;;;;;"
"15;03.03.16;170;3;н/о;;9/0 средняя;[Ac As];-5.2;-9.6;71;-8;1038.8;-2;993.8;;-5.2;0.0;;;"
"18;03.03.16;190;3;н/о;;9/0 средняя;[As trans];-5.3;-9.9;70;-8;1036.6;-2.1;991.7;;-5.2;0.0;;;"
"21;03.03.16;200;2;н/о;;9/0 средняя;[Ac trans];-5.5;-9.9;71;-7;1035.3;-1.3;990.4;;;;;;"
"00;04.03.16;200;3;н/о;;10/0 верхняя;[Ci];-5.8;-9.9;73;-8;1032.2;-3;987.4;;;;;;"
"03;04.03.16;170;2;10 км;;10/0 средняя;[Ac As];-5.8;-10.6;69;-7;1031.3;-0.9;986.5;;;;;;"
"06;04.03.16;200;5;10 км;;10/0 верхняя;[Cs];-3.3;-9.5;62;-7;1029.8;-1;985.5;-6;;;;;"
"09;04.03.16;230;4;10 км;;10/0 верхняя;[Cc];-1.1;-8.5;57;-4;1027.8;-1.6;983.9;;;;;;"
"12;04.03.16;180;3;10 км;;10/0 верхняя;[Ci];-1;-7.1;63;-3;1026.8;-0.9;983;;;;;;"
"15;04.03.16;140;2;н/о;;ясно;;-3.5;-7.5;74;-5;1026.5;-0.7;982.3;;-0.7;;;;"
"18;04.03.16;190;2;н/о;;ясно;;-4.7;-8.4;75;-6;1026.3;-0.4;981.9;;-0.7;;;;"
"21;04.03.16;180;2;н/о;;ясно;;-6.6;-9.2;82;-8;1026.2;-0.4;981.5;;;;;;"
"00;05.03.16;160;1;н/о;;10/0 средняя;[Ac und];-6.2;-9.1;80;-6;1026;-0.1;981.4;;;;;;"
"03;05.03.16;тихо;;4000 м;дым;8/0 средняя, верхняя;[Ac trans|Ci];-5.9;-9.3;77;-6;1026.6;0.6;982;;;;15;равномерный"
мокрый или
старый снег
"100%;"
"06;05.03.16;060;3;10 км;;6/0 средняя, верхняя;[Ac trans|Ci fib];+0.1;-6.1;63;-2;1026.1;0.5;982.5;-7.5;;;;;"
"09;05.03.16;070;3;10 км;;9/0 средняя;[Ac As];-0.1;-4.7;71;-2;1026.1;0;982.5;;;;;;"
"12;05.03.16;070;3;10 км;;10/10 240 м;[St];-0.6;-2.6;86;-2;1026.7;0.5;983;;;;;;"
"15;05.03.16;080;4;н/о;;10/10 270 м;[St];-0.8;-2.7;87;-3;1026.9;0.1;983.1;;+1.2;;;;"
"18;05.03.16;080;3;н/о;;10/10 330 м;[St];-1;-3.2;85;-3;1026.8;-0.1;983;;+1.2;;;;"
"21;05.03.16;090;4;н/о;;6/6 300 м;[St];-1.8;-4;85;-5;1026.2;-0.7;982.3;;;;;;"
"00;06.03.16;080;4;н/о;;3/3 300 м;[St];-3.1;-5.3;85;-6;1026.4;0;982.3;;;;;;"
"03;06.03.16;070;3;10 км;;8/8 300 м;[St];-4.2;-6.3;85;-6;1027.2;0.6;982.9;;;;15;равномерный"
мокрый или
старый снег
"100%;"
"06;06.03.16;080;6;10 км;;10/0 верхняя;[Cs];-2.2;-6.4;73;-6;1026.7;-0.2;982.7;-4.3;;;;;"
"09;06.03.16;080;6;10 км;;10/0 верхняя;[Cs];-0.8;-4.7;75;-4;1026.7;0.2;982.9;;;;;;"
"12;06.03.16;080;7-15{15};10 км;;10/6 300 м средняя;[Sc|Ac und];-0.5;-5.1;71;-4;1026.9;0.3;983.2;;;;;;"
"15;06.03.16;090;5{15};н/о;;10/0 средняя;[Ac und];-1.6;-6.4;70;-5;1028.4;1.2;984.4;;-0.4;;;;"
"18;06.03.16;080;5;н/о;;10/0 средняя;[Ac und];-3.1;-7.1;74;-7;1029;0.4;984.8;;-0.4;;;;"
"21;06.03.16;080;6;н/о;;10/0 средняя;[Ac und];-4;-9;68;-8;1030.4;1.2;986;;;;;;"
"00;07.03.16;080;6;н/о;;8/0 средняя;[Ac trans];-5;-12.4;56;-9;1031.4;0.7;986.7;;;;;;"
"03;07.03.16;090;3;10 км;;9/0 средняя;[Ac cast];-4.6;-15.6;42;-7;1032.3;1;987.7;;;;15;равномерный"
мокрый или
старый снег
"100%;"
"06;07.03.16;090;5;10 км;;8/0 средняя;[Ac und];-3.6;-14.4;43;-7;1033.3;1.1;988.8;-5.5;;;;;"
"09;07.03.16;100;4;10 км;;8/0 средняя;[Ac und];-1;-12;43;-4;1033;0.1;988.9;;;;;;"
"12;07.03.16;080;4;10 км;;9/0 средняя;[Ac und];-2.2;-10.7;52;-5;1032.9;-0.3;988.6;;;;;;"
"15;07.03.16;090;4;н/о;;9/0 средняя;[Ac und];-3.8;-12;53;-7;1033.8;0.6;989.2;;-0.7;;;;"
"18;07.03.16;090;4;н/о;;9/0 средняя;[Ac und];-5.7;-11.6;63;-9;1034.4;0.3;989.5;;-0.7;;;;"
"21;07.03.16;090;2;н/о;;9/0 средняя;[Ac und];-6.4;-14;55;-8;1034.5;0;989.5;;;;;;"
"00;08.03.16;090;2;н/о;;9/0 средняя;[Ac und];-6.3;-15.5;48;-8;1034.4;-0.1;989.4;;;;;;"
"03;08.03.16;080;2;10 км;;10/0 средняя, верхняя;[Ac As|Ci];-5.8;-17.2;40;-7;1034.5;0.2;989.6;;;;12;равномерный"
мокрый или
старый снег
"100%;"
"06;08.03.16;070;3;10 км;;10/0 верхняя;[Ci];-1.3;-15.9;32;-3;1033.8;0;989.6;-7.2;;;;;"
"09;08.03.16;100;2;10 км;;10/0 верхняя;[Ci];+1.3;-11.8;37;+1;1032.8;-0.5;989.1;;;;;;"
"12;08.03.16;100;2;10 км;;4/0 верхняя;[Cc];-0.4;-9.6;50;-1;1032.5;-0.6;988.5;;;;;;"
"15;08.03.16;070;3;н/о;;9/0 средняя;[Ac trans];-2.8;-10.8;54;-5;1032.4;-0.4;988.1;;+1.9;;;;"
"18;08.03.16;170;2;н/о;;6/0 верхняя;[Ci fib];-3.4;-11.8;52;-5;1031.5;-1;987.1;;+1.9;;;;"
"21;08.03.16;180;1;н/о;;ясно;;-5;-12.4;56;-5;1030.9;-0.8;986.3;;;;;;"
"00;09.03.16;тихо;;н/о;;ясно;;-5.4;-13.2;54;-5;1030.3;-0.7;985.6;;;;;;"
"03;09.03.16;тихо;;4000 м;дым;10/0 верхняя;[Ci];-5;-13.1;53;-5;1030.2;0;985.6;;;;11;равномерный"
мокрый или
старый снег
"100%;"
"06;09.03.16;180;1;10 км;;10/0 верхняя;[Ci fib];+1.6;-12.2;35;+2;1028.6;-0.5;985.1;-6.3;;;;;"
"09;09.03.16;190;2;10 км;;10/0 верхняя;[Ci];+3.6;-9.4;38;+3;1027.5;-0.7;984.4;;;;;;"
"12;09.03.16;180;3;10 км;;10/0 верхняя;[Ci];+2.7;-9.2;41;+1;1026.5;-1.1;983.3;;;;;;"
"15;09.03.16;190;1;н/о;;3/0 средняя;[Ac trans];+1.2;-5.5;61;+2;1026.3;-0.4;982.9;;+4.2;;;;"
"18;09.03.16;060;1;н/о;дым;10/0 верхняя;[Ci fib];-0.3;-5.3;69;0;1026.5;-0.1;982.8;;+4.2;;;;"
"21;09.03.16;тихо;;н/о;;8/0 верхняя;[Ci];-0.5;-6.7;63;-1;1025.6;-0.9;981.9;;;;;;"
"00;10.03.16;тихо;;н/о;дым;9/0 средняя;[Ac trans];-2.6;-6.9;72;-3;1025.5;-0.4;981.5;;;;;;"
"03;10.03.16;050;3;10 км;;8/0 верхняя;[Ci];-6.2;-9.4;78;-9;1027.6;1.4;982.9;;;;9;равномерный"
мокрый или
старый снег
"100%;"
"06;10.03.16;040;2;4000 м;дым;4/0 верхняя;[Ci fib];-1.7;-7;67;-3;1028;1.1;984;-6.3;;;;;"
"09;10.03.16;070;2;4000 м;дым;3/0 верхняя;[Ci fib];+0.4;-5.8;63;0;1027.4;-0.2;983.8;;;;;;"
"12;10.03.16;070;2;4000 м;дым;3/0 верхняя;[Ci fib];+0.1;-4.9;69;-1;1027.9;0.4;984.2;;;;;;"
"15;10.03.16;050;2;н/о;;ясно;;-2.9;-5.1;85;-4;1029.4;1;985.2;;+1.3;;;;"
"18;10.03.16;070;4;н/о;;ясно;;-4.3;-6;88;-7;1029.7;0.1;985.3;;+1.3;;;;"
"21;10.03.16;060;3;н/о;;ясно;;-6.4;-7.8;90;-9;1030;-0.1;985.2;;;;;;"
"00;11.03.16;050;3;н/о;;ясно;;-8.5;-10;89;-11;1030.4;0;985.2;;;;;;"
"03;11.03.16;050;2;10 км;;ясно;;-8.4;-10.2;87;-10;1030.6;0.2;985.4;;;;8;мокрый или"
старый снег
"50-90%;"
"06;11.03.16;070;2;10 км;;ясно;;+0.7;-4.9;66;0;1029.1;0.1;985.5;-9.2;;;;;"
"09;11.03.16;130;1;10 км;;ясно;;+4.9;-9.3;35;+6;1027.7;-0.7;984.8;;;;;;"
"12;11.03.16;080;3;10 км;;ясно;;+3.3;-5.9;51;+2;1027.1;-0.8;984;;;;;;"
"15;11.03.16;080;2;н/о;;ясно;;-0.6;-5.4;70;-1;1027.6;-0.2;983.8;;+6.3;;;;"
"18;11.03.16;190;2;н/о;;ясно;;-0.6;-7;62;-1;1026.4;-1.1;982.7;;+6.3;;;;"
"21;11.03.16;170;2;н/о;;ясно;;-2.1;-6.6;71;-3;1024.7;-1.9;980.8;;;;;;"
"00;12.03.16;тихо;;н/о;;ясно;;-3.4;-8.1;70;-3;1023.8;-1.1;979.7;;;;;;"
"03;12.03.16;150;1;10 км;;8/0 верхняя;[Ci fib];-2.4;-10;56;-2;1022.6;-1;978.7;;;;5;мокрый или"
старый снег
"50-90%;"
"06;12.03.16;180;1;10 км;;3/0 верхняя;[Ci fib];+2.2;-10.3;39;+3;1020.5;-1.3;977.4;-3.7;;;;;"
"09;12.03.16;190;3;10 км;;ясно;;+3.9;-8.8;39;+3;1018.3;-1.8;975.6;;;;;;"
"12;12.03.16;200;3;10 км;;3/0 верхняя;[Ci fib];+2.5;-5.2;57;+1;1016.5;-1.9;973.7;;;;;;"
"15;12.03.16;200;1;н/о;;ясно;;+0.2;-4.2;72;+1;1015.1;-1.7;972;;+4.2;;;;"
"18;12.03.16;190;2;н/о;;ясно;;-1.5;-5.2;76;-2;1013.6;-1.7;970.3;;+4.2;;;;"
"21;12.03.16;190;1;н/о;;ясно;;-2.3;-5.8;77;-2;1010.8;-2.8;967.5;;;;;;"
"00;13.03.16;200;2;н/о;;ясно;;-1.9;-5.7;75;-3;1007.5;-3.1;964.4;;;;;;"
"03;13.03.16;200;2;10 км;;10/9 1500 м средняя;[Sc|Ac lent];-0.2;-4.6;72;-1;1004.5;-2.6;961.8;;;;5;мокрый или"
старый снег
"50-90%;"
"06;13.03.16;200;5;4000 м;слаб. ливневой дождь;10/10 300 м кучево-дожд.;[Cb cap];+1.5;+0.2;91;-1;1002.9;-1.3;960.5;-2.7;;;;;"
"09;13.03.16;190;6;10 км;{ливн. осадки};10/10 420 м кучево-дожд.;[Cb cap];+1.6;-0.8;84;-2;1002.3;-0.5;960;;;;;;"
"12;13.03.16;230;5;4000 м;слаб. дождь{ливн. осадки};10/10 200 м;[Sc];+0.7;-0.4;92;-2;1003;0.5;960.5;;;;;;"
"15;13.03.16;250;9;н/о;в посл. час снег{дождь};10/10 210 м;[Sc];-0.4;-2;89;-5;1005.2;1.9;962.4;;+1.9;2;;;"
"18;13.03.16;270;7;н/о;{снег, дождь};10/10 300 м;[Sc];-2;-4;86;-6;1008.2;2.7;965.1;;+1.9;2;;;"
"21;13.03.16;260;5;н/о;;10/10 800 м;[Sc];-4;-6;86;-8;1011.3;2.6;967.7;;;;;;"
"00;14.03.16;240;3;н/о;;10/10 1320 м;[Sc];-4.3;-6;88;-7;1012.6;1.2;968.9;;;;;;"
"03;14.03.16;200;2;4000 м;слаб. снег;10/10 100 м;[Sc];-4.2;-5.3;92;-5;1013.8;1.2;970.1;;;0.0;3;мокрый или"
старый снег
"50-90%;"
"06;14.03.16;260;4;4000 м;слаб. снег;10/0 средняя;[Frnb|As op];-1.7;-3.6;87;-4;1014.7;1.2;971.3;-4.8;;0.0;;;"
"09;14.03.16;270;5;10 км;{снег};10/6 600 м кучево-дожд., верхняя;[Cb cap|Ci];+0.2;-5.2;67;-3;1014.8;0.4;971.7;;;;;;"
"12;14.03.16;280;3;4000 м;слаб. ливневой дождь со снегом;9/9 300 м кучево-дожд.;[Cb cap];-1.2;-3.6;84;-3;1015.8;0.8;972.5;;;;;;"
"15;14.03.16;250;2;н/о;слаб. ливневой дождь со снегом;10/10 200 м кучево-дожд.;[Cb cap];-1.7;-3.7;86;-3;1017.1;1.1;973.6;;+0.6;0.0;;;"
"18;14.03.16;190;1;н/о;{ливн. осадки};9/9 930 м;[Sc];-3.8;-5.2;90;-3;1018;0.5;974.1;;+0.6;0.0;;;"
"21;14.03.16;тихо;;н/о;;9/9 500 м;[St];-4;-5.2;91;-4;1017.9;-0.1;974;;;;;;"
"00;15.03.16;тихо;;н/о;дымка;10/0;[St];-4.6;-5.7;92;-5;1018.9;0.9;974.9;;;;;;"
"03;15.03.16;тихо;;0200 м;переохл. туман;?/? ;;-5.4;-6.4;93;-5;1020;0.9;975.8;;;0.0;3;мокрый или"
старый снег
"50-90%;"
"06;15.03.16;250;1;4000 м;дымка{туман};10/10 1440 м;[Sc];-2.4;-4.6;85;-2;1020.8;1.2;977;-6.2;;0.0;;;"
"09;15.03.16;250;1;4000 м;слаб. снег;9/9 1080 м;[Sc];-0.4;-6.8;62;0;1020;-0.4;976.6;;;;;;"
"12;15.03.16;170;2;10 км;в посл. час снег;10/10 1110 м;[Sc];-1;-5.6;71;-2;1019.8;-0.3;976.3;;;;;;"
"15;15.03.16;100;2;н/о;{снег};9/9 900 м;[Sc];-1.2;-4.7;77;-2;1017.8;-1.9;974.4;;+0.9;0.0;;;"
"18;15.03.16;090;1;н/о;;9/9 1000 м;[Sc];-1.4;-4.6;79;-1;1015.5;-2.3;972.1;;+0.9;0.0;;;"
"21;15.03.16;070;1;н/о;;8/8 1000 м;[Sc];-2;-4.5;83;-1;1011.8;-3.6;968.5;;;;;;"
"00;16.03.16;070;3;н/о;;10/0 средняя;[Ac und];-2.1;-5.2;79;-4;1008.1;-3.6;964.9;;;;;;"
"03;16.03.16;070;2;4000 м;слаб. ливневой снег;10/10 1000 м кучево-дожд.;[Cb cap];-1;-2.7;88;-2;1002.2;-5.4;959.5;;;0.7;3;мокрый или"
старый снег
"50-90%;"
"06;16.03.16;110;3;10 км;в посл. час ливневой снег;10/10 540 м кучево-дожд.;[Cb cap];+1.3;-1.9;79;0;997.2;-4.5;955;-2.4;;0.7;;;"
"09;16.03.16;210;5;4000 м;слаб. ливневой снег;10/10 200 м кучево-дожд.;[Cb cap];+1.1;+0.1;93;-2;991.4;-5.5;949.5;;;;;;"
"12;16.03.16;230;6;4000 м;слаб. ливневой дождь;10/10 200 м кучево-дожд.;[Cb cap];+1.6;+0.6;93;-2;990.7;-0.6;948.9;;;;;;"
"15;16.03.16;220;7{15};н/о;слаб. ливневой снег;10/10 300 м кучево-дожд.;[Cb cap];-0.2;-2.7;83;-4;993.5;2.4;951.3;;+2.3;6;;;"
"18;16.03.16;220;7-16{18};н/о;{ливн. осадки};10/10 600 м кучево-дожд.;[Cb cap];-1.9;-6.3;72;-6;996;2.1;953.4;;+2.3;6;;;"
"21;16.03.16;200;7{17};н/о;;10/10 1170 м;[Sc];-2.8;-7;73;-7;996.6;0.4;953.8;;;;;;"
"00;17.03.16;260;6;н/о;;10/10 870 м;[Sc];-3.8;-7.1;78;-8;996.5;-0.2;953.6;;;;;;"
"03;17.03.16;200;8-18{15};10 км;;ясно;;-3.6;-7.9;72;-9;995.7;-0.8;952.8;;;0.0;4;мокрый или"
старый снег
"50-90%;"
"06;17.03.16;210;5{18};4000 м;слаб. ливневой снег;10/10 300 м кучево-дожд.;[Cb cap];-1.6;-4.6;80;-5;994.3;-1;951.8;-4.4;;0.0;;;"
"09;17.03.16;210;6{17};10 км;{снег};8/8 800 м кучево-дожд.;[Cb cap];-0.1;-6.1;64;-4;992.8;-1.2;950.6;;;;;;"
"12;17.03.16;220;4{17};4000 м;слаб. ливневой снег;10/10 300 м кучево-дожд.;[Cb cap];-2.3;-5.3;80;-5;996.1;2.8;953.4;;;;;;"
"15;17.03.16;220;4;н/о;слаб. ливневой снег;10/10 300 м кучево-дожд.;[Cb cap];-3.1;-5.3;85;-6;998.5;2.2;955.6;;+0.2;0.2;;;"
"18;17.03.16;200;6;н/о;слаб. снег{ливн. осадки};10/9 300 м средняя;[Frnb|As op];-2.1;-5.2;79;-6;999.5;1.1;956.7;;+0.2;0.2;;;"
"21;17.03.16;210;5;н/о;слаб. снег;10/9 300 м средняя;[Frnb|As op];-2.1;-3.7;89;-5;1000.4;0.9;957.6;;;;;;"
"00;18.03.16;200;8;н/о;слаб. снег;10/9 300 м средняя;[Frnb|As op];-2.4;-4.1;88;-7;1000.9;0.4;958;;;;;;"
"03;18.03.16;220;5{16};4000 м;слаб. ливневой снег;10/10 200 м кучево-дожд.;[Cb cap];-2.1;-3.8;88;-5;1002.8;1.9;959.9;;;0.6;4;равномерный"
мокрый или
старый снег
"100%;"
"06;18.03.16;210;5{16};10 км;позёмок{ливн. осадки, снег};10/0 кучево-дожд.;[Cb cap];-0.7;-5.1;72;-4;1005.1;2.4;962.3;-3.1;;0.6;;;"
"09;18.03.16;230;5;10 км;;6/4 1000 м верхняя;[Cu med, cong|Ci fib];+0.3;-6.1;62;-3;1006.5;1.5;963.8;;;;;;"
"12;18.03.16;250;5;10 км;;8/5 700 м средняя;[Cu med, cong|Ac As];-0.3;-5.1;70;-3;1008.8;2.1;965.9;;;;;;"
"15;18.03.16;180;3;н/о;{ливн. осадки};3/0 верхняя;[Ci fib];-2;-5;80;-4;1011.3;2.1;968;;+1;0.0;;;"
"18;18.03.16;180;3;н/о;{ливн. осадки};ясно;;-2.8;-5.9;79;-5;1012.4;0.9;968.9;;+1;0.0;;;"
"21;18.03.16;170;5;н/о;;10/0 средняя;[Ac und];-2.7;-6;78;-6;1012.6;0.2;969.1;;;;;;"
"00;19.03.16;230;4;н/о;;10/0 средняя, верхняя;[Ac As|Ci];-3.4;-5.9;83;-6;1013.2;0.5;969.6;;;;;;"
"03;19.03.16;210;3;10 км;в посл. час снег;10/6 300 м верхняя;[Sc|Cc];-2;-3.9;87;-4;1013.4;0.4;970;;;0.0;3;мокрый или"
старый снег
"50-90%;"
"06;19.03.16;210;6;10 км;{снег};6/4 300 м верхняя;[St|Ci fib];+0.8;-3.3;74;-3;1013.9;0.9;970.9;-3.7;;0.0;;;"
"09;19.03.16;200;7{15};10 км;;10/8 450 м средняя;[Sc|Ac und];+1.9;-1.7;77;-2;1013.6;-0.1;970.8;;;;;;"
"12;19.03.16;210;5;10 км;;10/10 400 м;[Sc];+2.1;-0.6;82;-1;1014.4;0.8;971.6;;;;;;"
"15;19.03.16;190;7;н/о;ливневой дождь;10/10 300 м кучево-дожд.;[Cb cap];+2.2;-0.1;85;-1;1015.7;1.3;972.9;;+2.3;0.0;;;"
"18;19.03.16;200;6{15};н/о;ливневой дождь;10/10 300 м кучево-дожд.;[Cb cap];+2.4;+0.5;87;-1;1017.1;1.4;974.3;;+2.3;0.0;;;"
"21;19.03.16;200;4;н/о;{ливн. осадки};4/4 300 м;[St];+1.8;+0;88;0;1018.7;1.4;975.7;;;;;;"
"00;20.03.16;200;5;н/о;{ливн. осадки};10/10 1300 м;[Sc];+2.5;+0.2;85;0;1019.3;0.7;976.4;;;;;;"
"03;20.03.16;200;5;10 км;{ливн. осадки};10/9 1500 м средняя;[Sc|Ac und];+3.5;+0;78;+1;1019.8;0.6;977;;;0.0;1;мокрый или"
старый снег
"10-40%;"
"06;20.03.16;210;5;10 км;{ливн. осадки};8/0 средняя;[Ac lent];+5.2;+0.2;70;+3;1020.1;0.6;977.6;+1.6;;0.0;;;"
"09;20.03.16;200;5;10 км;;4/0 верхняя;[Ci fib];+6.6;+0.1;63;+5;1019.8;-0.1;977.5;;;;;;"
"12;20.03.16;200;5;10 км;;3/0 верхняя;[Ci fib];+5.8;+0.2;67;+4;1020.2;0.3;977.8;;;;;;"
"15;20.03.16;200;3;н/о;;ясно;;+3.9;+0.1;76;+3;1020.4;-0.1;977.7;;+7.1;0.0;;;"
"18;20.03.16;180;3;н/о;;9/0 средняя;[Ac cast];+3.3;-1.3;72;+2;1019.9;-0.6;977.1;;+7.1;0.0;;;"
"21;20.03.16;190;4;н/о;;10/0 средняя;[Ac und];+3.7;-1.5;69;+2;1017.6;-2.2;974.9;;;;;;"
"00;21.03.16;190;4;н/о;;10/0 средняя;[Ac cast];+3.1;-2;69;+1;1016.8;-0.8;974.1;;;;;;"
"03;21.03.16;180;4;10 км;;10/0 верхняя;[Ci];+3.7;-1.9;67;+2;1015.5;-1.2;972.9;;;;0;мокрый или"
старый снег
"10-40%;"
"06;21.03.16;230;5;4000 м;;3/0 верхняя;[Ci fib];+5.8;-0.5;64;+4;1013.1;-2;970.9;+2.5;;;;;"
"09;21.03.16;180;4;10 км;;10/0 верхняя;[Ci];+6.8;+0.5;64;+5;1010.1;-2.7;968.2;;;;;;"
"12;21.03.16;150;3;10 км;;10/6 1000 м кучево-дожд., средняя;[Cb cap|Ac As];+6.4;+0.9;68;+5;1006.6;-3.4;964.8;;;;;;"
"15;21.03.16;280;6;н/о;слаб. ливневой снег;10/10 200 м кучево-дожд.;[Cb cap];+0.8;-0.4;92;-3;1009.8;2.2;967;;+7.5;2;;;"
"18;21.03.16;300;6{15};н/о;{ливн. осадки} [диам. гололёда 1 мм];10/10 540 м кучево-дожд.;[Cb cap];-4.6;-8.2;76;-9;1018.5;7.5;974.5;;+7.5;2;;;"
"21;21.03.16;290;5{15};н/о;;10/10 450 м;[Sc];-6.5;-9.5;79;-11;1024.2;5.1;979.6;;;;;;"
"00;22.03.16;290;3;н/о;;10/4 300 м верхняя;[St|Cs];-8.1;-10;86;-11;1028.2;3.6;983.2;;;;;;"
"03;22.03.16;250;3;10 км;;4/4 300 м;[St];-7.3;-9.7;83;-10;1031.2;3;986.2;;;0.8;1;равномерный"
сухой снег
"100%;"
"06;22.03.16;220;3;10 км;;6/6 300 м;[St];-3.8;-10;62;-6;1032.2;1.5;987.7;-8.5;;0.8;;;"
"09;22.03.16;190;3;10 км;;ясно;;-2.3;-10.3;54;-4;1032.6;0.6;988.3;;;;;;"
"12;22.03.16;190;3;10 км;;4/0 средняя;[Ac lent];-1.3;-9.4;54;-3;1032.1;-0.3;988;;;;;;"
"15;22.03.16;180;3;н/о;;ясно;;-3;-10.8;55;-5;1032.4;0;988;;-0.7;;;;"
"18;22.03.16;180;3;н/о;;ясно;;-3;-10.3;57;-5;1031.6;-0.7;987.3;;-0.7;;;;"
"21;22.03.16;190;1;н/о;;ясно;;-4.5;-9;71;-4;1031.8;-0.1;987.2;;;;;;"
"00;23.03.16;170;1;н/о;;ясно;;-4.6;-8.9;72;-4;1031.7;-0.1;987.1;;;;;;"
"03;23.03.16;160;1;10 км;;3/0 средняя;[Ac und];-2.9;-8.4;66;-2;1032;0.6;987.7;;;;0;мокрый или"
старый снег
"10-40%;"
"06;23.03.16;050;1;10 км;;ясно;;+4;-5.5;50;+5;1030.5;-0.4;987.3;-5.2;;;;;"
"09;23.03.16;060;3;10 км;;ясно;;+4.6;-5.5;48;+3;1029.8;-0.6;986.7;;;;;;"
"12;23.03.16;070;4;10 км;;4/0 верхняя;[Ci];+3.8;-5.2;52;+2;1028.9;-0.9;985.8;;;;;;"
"15;23.03.16;060;3;н/о;;ясно;;+0.7;-3;76;-1;1029.3;-0.1;985.7;;+5.1;;;;"
"18;23.03.16;080;4;н/о;;ясно;;+0.9;-8.3;50;-1;1028;-1.3;984.4;;+5.1;;;;"
"21;23.03.16;070;5;н/о;;9/0 средняя;[As trans];-0.6;-6.6;64;-4;1025.8;-2.3;982.1;;;;;;"
"00;24.03.16;080;4;н/о;;10/10 1470 м;[Sc];-0.3;-8;56;-3;1023.8;-1.9;980.2;;;;;;"
"03;24.03.16;090;5;4000 м;слаб. ливневой дождь;10/8 1000 м кучево-дожд., средняя;[Cb cap|Ac As];+0.9;-7.8;52;-2;1020.2;-3.2;977;;;0.5;;;"
"06;24.03.16;020;4;4000 м;слаб. ливневой дождь;10/10 1000 м кучево-дожд.;[Cb cap];+2.1;-3.8;65;0;1017.9;-2;975;-0.6;;0.5;;;"
"09;24.03.16;200;5;10 км;{ливн. осадки};10/10 750 м кучево-дожд.;[Cb cap];+5.2;-1;64;+3;1014.1;-3.2;971.8;;;;;;"
"12;24.03.16;180;4;10 км;{ливн. осадки};8/8 1110 м кучево-дожд.;[Cb cap];+5.8;+1.3;73;+4;1012.1;-1.8;970;;;;;;"
"15;24.03.16;230;3;н/о;;10/10 800 м кучево-дожд.;[Cb cap];+5.8;+3.8;87;+5;1012.1;0;970;;+5.9;0.5;;;"
"18;24.03.16;190;6;н/о;слаб. ливневой дождь;10/10 600 м кучево-дожд.;[Cb cap];+3.8;+2.8;93;+1;1012.9;0.5;970.5;;+5.9;0.5;;;"
"21;24.03.16;200;4;н/о;{ливн. осадки};10/10 540 м кучево-дожд.;[Cb cap];+2.3;+0.7;89;0;1013.3;0.1;970.6;;;;;;"
"00;25.03.16;200;4;н/о;слаб. ливневой дождь;10/10 600 м кучево-дожд.;[Cb cap];+1;-0.8;88;-1;1014.4;0.9;971.5;;;;;;"
"03;25.03.16;250;4;4000 м;слаб. ливневой снег;10/10 200 м кучево-дожд.;[Cb cap];-0.3;-1.7;90;-3;1016.2;1.5;973;;;0.3;<0.5;мокрый или старый снег 50-90%;"
"06;25.03.16;250;5;4000 м;слаб. крупа{ливн. осадки};10/0 кучево-дожд.;[Cb cap];-1;-2.6;89;-4;1018.7;2.3;975.3;-0.3;;0.3;;;"
"09;25.03.16;270;5;10 км;{ливн. осадки};10/10 600 м;[Sc];-0.8;-4;79;-4;1020.9;2.1;977.4;;;;;;"
"12;25.03.16;280;6;4000 м;слаб. снег{ливн. осадки};10/10 300 м;[Sc];-0.5;-2.9;84;-4;1024.2;3.2;980.6;;;;;;"
"15;25.03.16;280;4;н/о;{снег};10/10 360 м;[St];-0.5;-3;83;-3;1027.3;3;983.6;;-0.2;0.1;;;"
"18;25.03.16;280;3;н/о;{снег};9/9 270 м;[St];-1.2;-3.2;86;-3;1029.6;2.1;985.7;;-0.2;0.1;;;"
"21;25.03.16;210;1;н/о;;9/9 150 м;[St];-2.2;-3.6;90;-2;1031.7;1.8;987.5;;;;;;"
"00;26.03.16;200;1;н/о;;3/3 200 м;[St];-3.8;-4.8;93;-3;1033.1;1.1;988.6;;;;;;"
"03;26.03.16;190;2;4000 м;дымка;9/9 100 м;[St];-3;-3.8;94;-4;1034.3;1.3;989.9;;;;;;"
"06;26.03.16;200;2;4000 м;дымка;ясно;;+2.8;-1.7;72;+2;1033.4;0;989.9;-4;;;;;"
"09;26.03.16;180;3;10 км;;ясно;;+6.2;-1.7;57;+5;1031.7;-1.1;988.8;;;;;;"
"12;26.03.16;170;2;10 км;;4/0 верхняя;[Ci fib];+5.8;-3;53;+6;1030.8;-0.9;987.9;;;;;;"
"15;26.03.16;100;1;н/о;;ясно;;+3.7;-1.5;69;+5;1030.8;-0.3;987.6;;+7.2;;;;"
"18;26.03.16;140;2;н/о;;ясно;;+2.7;-4.1;61;+2;1030.2;-0.8;986.8;;+7.2;;;;"
"21;26.03.16;150;2;н/о;;ясно;;+1.5;-4.6;64;+1;1028.7;-1.6;985.2;;;;;;"
"00;27.03.16;060;1;н/о;;10/0 верхняя;[Ci];+1.5;-4;67;+2;1027.1;-1.5;983.7;;;;;;"
"03;27.03.16;170;2;10 км;;10/0 средняя;[Ac und];+1.1;-4.1;68;0;1026.1;-1;982.7;;;;;;"
"06;27.03.16;140;4;10 км;;10/0 верхняя;[Ci];+6.6;-4.5;45;+5;1023.6;-1.6;981.1;+0.8;;;;;"
"09;27.03.16;120;2;10 км;;10/0 верхняя;[Cs];+6.9;-2;53;+7;1020.9;-2.5;978.6;;;;;;"
"12;27.03.16;120;2;10 км;;10/0 верхняя;[Ci];+7.6;-2.7;48;+8;1018.6;-2.1;976.5;;;;;;"
"15;27.03.16;190;2;н/о;;4/0 верхняя;[Ci fib];+5.4;-1.1;63;+5;1017.5;-1.4;975.1;;+9.3;;;;"
"18;27.03.16;170;2;н/о;;ясно;;+5.4;-2.2;58;+5;1014.9;-2.5;972.6;;+9.3;;;;"
"21;27.03.16;170;3;н/о;;10/0 средняя;[Ac und];+4.3;-1.7;65;+3;1013.2;-1.8;970.8;;;;;;"
"03;28.03.16;170;3;4000 м;слаб. ливневой дождь;10/10 1350 м кучево-дожд.;[Cb cap];+3.5;+1.5;87;+2;1010.4;-1.2;968;;;1;;;"
"06;28.03.16;200;1;4000 м;слаб. дождь{ливн. осадки};10/10 100 м;[Frnb|Ns];+4.4;+3.7;95;+5;1009.3;-0.9;967.1;+3.5;;1;;;"
"09;28.03.16;200;2;10 км;{дождь};10/8 1000 м верхняя;[Sc|Ci];+10.4;+8;85;+11;1006.9;-1.4;965.7;;;;;;"
"12;28.03.16;210;1;10 км;{дождь};10/10 1500 м;[Sc diur, vesp];+12.7;+8.8;77;+14;1005.6;-0.9;964.8;;;;;;"
"15;28.03.16;160;1;н/о;;10/10 1230 м;[Sc];+9.9;+7.3;84;+11;1005.6;-0.4;964.4;;+12.9;3;;;"
"18;28.03.16;тихо;;н/о;;10/10 1300 м;[Sc];+7.7;+6;89;+8;1006.1;0.2;964.6;;+12.9;3;;;"
"21;28.03.16;тихо;;н/о;дымка;10/10 100 м;[St];+4.8;+4.4;97;+5;1007.5;0.9;965.5;;;;;;"
"00;29.03.16;240;2;н/о;слаб. дождь;10/10 100 м;[St];+2.7;+2.4;98;+2;1009.9;1.9;967.4;;;;;;"
"03;29.03.16;250;2;1000 м;слаб. морось;10/10 100 м;[St];+1.9;+1.6;98;+1;1011.1;1.1;968.5;;;0.4;;;"
"06;29.03.16;290;2;4000 м;дымка{морось};10/10 60 м;[St];+2.7;+2.3;97;+2;1012.6;1.5;970;+1.9;;0.4;;;"
"09;29.03.16;250;2;4000 м;в посл. час туман;10/10 120 м;[St];+3.5;+3.1;97;+3;1013.2;0.7;970.7;;;;;;"
"12;29.03.16;280;2;4000 м;дымка{туман};10/10 120 м;[St];+3.4;+2.8;96;+3;1014.3;1.1;971.8;;;;;;"
"15;29.03.16;тихо;;н/о;слаб. морось{туман};?/? ;;+2.5;+2.1;97;+3;1015.9;1.4;973.2;;+3.7;0.1;;;"
"18;29.03.16;070;1;н/о;дымка{морось, туман};10/10 120 м;[St];+2.9;+2.6;98;+4;1016.7;0.8;974;;+3.7;0.1;;;"
"21;29.03.16;020;1;н/о;слаб. морось{туман};10/10 100 м;[St];+2.8;+2.4;97;+4;1017.5;0.7;974.7;;;;;;"
"00;30.03.16;050;2;н/о;дымка{морось, туман};10/10 100 м;[St];+2.8;+2.5;98;+2;1017.9;0.4;975.1;;;;;;"
"03;30.03.16;060;1;4000 м;дымка{туман};10/10 100 м;[St];+3.2;+2.9;98;+4;1018.9;1;976.1;;;0.4;;;"
"06;30.03.16;060;3;4000 м;дымка{туман};10/10 100 м;[St];+3.8;+3.2;96;+3;1019;0.2;976.3;+2.4;;0.4;;;"
"09;30.03.16;070;4;4000 м;в посл. час морось;10/0;[St];+5.2;+4.2;93;+4;1018.7;0;976.3;;;;;;"
"12;30.03.16;070;3;10 км;{морось};10/10 330 м;[Sc];+7.2;+4.7;84;+6;1017.9;-0.5;975.8;;;;;;"
"15;30.03.16;070;3;н/о;;10/10 960 м;[Sc];+6.1;+4.3;88;+5;1018;-0.1;975.7;;+7.2;0.0;;;"
"18;30.03.16;070;4;н/о;;10/10 1260 м;[Sc];+5.8;+2.6;80;+4;1017.2;-0.8;974.9;;+7.2;0.0;;;"
"21;30.03.16;080;4;н/о;;6/6 1000 м;[Sc];+3.4;+0.6;82;+1;1016.8;-0.8;974.1;;;;;;"
"00;31.03.16;080;5;н/о;;4/4 1000 м;[Sc];+2.4;+0;84;0;1016.2;-0.7;973.4;;;;;;"
"03;31.03.16;070;4;10 км;;10/0 средняя;[As op];+3.3;+0.7;83;+1;1015.9;-0.1;973.3;;;;;;"
"06;31.03.16;100;2;10 км;;10/0 средняя;[St|As op];+4.8;+1.1;77;+4;1015.5;-0.2;973.1;+2.2;;;;;"
"09;31.03.16;090;3;10 км;;10/0 средняя;[Ac As];+6.2;+1.1;70;+5;1013.9;-1.3;971.8;;;;;;"
"12;31.03.16;110;2;4000 м;слаб. дождь;10/10 300 м;[Frnb|Ns];+5.5;+2.3;80;+5;1013.3;-0.7;971.1;;;;;;"
"15;31.03.16;100;4;н/о;слаб. дождь;10/10 300 м;[Frnb|Ns];+5;+2.5;84;+3;1013.7;0.3;971.4;;+7;3;;;"
"18;31.03.16;110;3;н/о;в посл. час дождь;10/10 570 м;[Ns];+4.9;+2.9;87;+4;1013.6;-0.1;971.3;;+7;3;;;"
"21;31.03.16;100;2;н/о;слаб. дождь;10/10 600 м;[Ns];+5;+3.3;89;+5;1012.9;-0.6;970.7;;;;;;"
"00;01.04.16;100;2;н/о;{дождь};8/0 средняя;[Ac As];+4.5;+2.7;88;+4;1012.3;-0.7;970;;;;;;"
"03;01.04.16;090;1;10 км;{дождь};10/10 210 м;[Sc];+5.3;+3.5;88;+6;1012.2;0;970;;;0.5;;;"
"06;01.04.16;100;1;4000 м;слаб. дождь;10/10 300 м;[Sc];+6.9;+5.4;90;+8;1011.3;-0.6;969.4;+4.4;;0.5;;;"
"09;01.04.16;100;1;4000 м;ливневой дождь;9/9 300 м кучево-дожд.;[Cb cap];+10.3;+7.5;83;+11;1009.1;-1.6;967.8;;;;;;"
"12;01.04.16;170;1;4000 м;ливневой дождь;9/9 300 м кучево-дожд.;[Cb cap];+10.5;+7.2;80;+12;1008.1;-0.9;966.9;;;;;;"
"15;01.04.16;260;3;н/о;ливневой дождь;10/10 300 м кучево-дожд.;[Cb cap];+4.1;+2.9;92;+3;1012.1;2.9;969.8;;+11.4;6;;;"
"18;01.04.16;260;4;н/о;слаб. дождь{ливн. осадки};10/10 300 м;[Sc];+2.5;+1.9;96;0;1013;0.6;970.4;;+11.4;6;;;"
"21;01.04.16;230;1;н/о;{дождь};10/10 500 м;[Sc];+2.3;+1.1;92;+3;1013.4;0.3;970.7;;;;;;"
"00;02.04.16;200;2;н/о;ливневой дождь;10/10 300 м кучево-дожд.;[Cb cap];+2.4;+1.2;92;+2;1012.7;-0.6;970.1;;;;;;"
"03;02.04.16;230;3;4000 м;ливневой дождь;10/10 300 м кучево-дожд.;[Cb cap];+2.7;+1.7;93;+1;1012.5;-0.2;969.9;;;0.8;;;"
"06;02.04.16;210;3;4000 м;ливневой дождь;10/10 300 м кучево-дожд.;[Cb cap];+2.9;+1.7;92;+2;1013.1;0.6;970.5;+2.1;;0.8;;;"
"09;02.04.16;220;4;4000 м;ливневой дождь;10/10 300 м кучево-дожд.;[Cb cap];+3;+1.5;90;+1;1013.6;0.5;971;;;;;;"
"12;02.04.16;210;3;4000 м;ливневой дождь;10/10 300 м кучево-дожд.;[Cb cap];+4.5;+3.2;91;+3;1013.2;-0.1;970.9;;;;;;"
"15;02.04.16;260;4;н/о;ливневой дождь;10/10 200 м кучево-дожд.;[Cb cap];+3.6;+2.6;93;+2;1014.3;0.9;971.8;;+4.8;2;;;"
"18;02.04.16;270;5;н/о;{ливн. осадки};10/10 540 м кучево-дожд.;[Cb cap];+1.9;+0;87;-1;1016.6;1.9;973.7;;+4.8;2;;;"
"21;02.04.16;210;3;н/о;;10/10 630 м;[Sc];+1;-0.3;91;-1;1017.9;1.1;974.8;;;;;;"
"00;03.04.16;250;4;н/о;;10/10 210 м;[Sc];+0.8;-0.7;90;-2;1019.4;1.4;976.2;;;;;;"
"03;03.04.16;230;2;10 км;;10/10 100 м;[St];+0.6;-0.3;94;0;1020.9;1.4;977.6;;;0.0;;;"
"06;03.04.16;220;2;10 км;;10/10 150 м;[St];+4.3;+3.1;92;+4;1021.1;0.8;978.4;-0.1;;0.0;;;"
"09;03.04.16;200;2;10 км;;10/10 500 м;[Sc];+7.5;+4.5;81;+7;1020.6;0;978.4;;;;;;"
"12;03.04.16;200;1;10 км;;10/10 720 м;[Sc];+9;+6.3;83;+10;1020.2;-0.1;978.3;;;;;;"
"15;03.04.16;230;1;н/о;;ясно;;+7.9;+5.5;85;+9;1020.5;0.1;978.4;;+10;;;;"
"18;03.04.16;210;2;н/о;;ясно;;+6.3;+4.8;90;+6;1021.9;1.1;979.5;;+10;;;;"
"21;03.04.16;тихо;;н/о;;ясно;;+2;+1.6;97;+2;1022.7;0.1;979.6;;;;;;"
"00;04.04.16;тихо;;н/о;дымка;ясно;;+0.7;+0.4;98;+1;1023.2;0.3;979.9;;;;;;"
"03;04.04.16;тихо;;4000 м;дымка;10/0 верхняя;[Cc];+5.6;+5.2;97;+6;1022.9;0.5;980.4;;;;;;"
"06;04.04.16;190;1;10 км;;10/0 верхняя;[Cc];+12.4;+4.4;58;+14;1021.8;-0.1;980.3;-0.6;;;;;"
"09;04.04.16;190;2;10 км;;10/3 1000 м верхняя;[Cu hum|Cc];+13.6;+2.8;48;+14;1020.7;-0.9;979.4;;;;;;"
"12;04.04.16;180;1;10 км;;10/0 средняя;[Ac As];+13.2;+1.8;46;+14;1020.3;-0.5;978.9;;;;;;"
"15;04.04.16;тихо;;н/о;;10/0 верхняя;[Ci];+11.4;+2.4;54;+11;1020.4;-0.1;978.8;;+14.4;;;;"
"18;04.04.16;тихо;;н/о;;10/0 верхняя;[Ci];+9.1;+3.9;70;+9;1020;-0.7;978.1;;+14.4;;;;"
"21;04.04.16;тихо;;н/о;;10/6 1110 м средняя;[Sc|Ac As];+7.1;+4.9;86;+7;1019.7;-0.6;977.5;;;;;;"
"00;05.04.16;190;1;н/о;;10/0 средняя;[Ac und];+6.9;+4.7;86;+8;1018.7;-1;976.5;;;;;;"
"03;05.04.16;100;2;10 км;;9/0 средняя;[Ac As];+6.9;+3.3;78;+7;1018.1;-0.6;975.9;;;;;;"
"06;05.04.16;130;2;10 км;;8/3 600 м средняя, верхняя;[Sc diur, vesp|Ac lent|Ci];+13.2;+3.6;52;+14;1015.8;-1.3;974.6;+6.7;;;;;"
"09;05.04.16;170;3;10 км;;10/9 1500 м верхняя;[Sc diur, vesp|Ci];+13.8;+2.1;45;+14;1014.2;-1.4;973.2;;;;;;"
"12;05.04.16;100;1;10 км;;8/4 1500 м средняя;[Sc diur, vesp|Ac As];+14.6;+3.1;46;+16;1012.1;-1.9;971.3;;;;;;"
"15;05.04.16;090;2;н/о;;10/0 средняя, верхняя;[Ac trans|Ci];+12.7;+2.8;51;+13;1010.4;-1.9;969.4;;+15;;;;"
"18;05.04.16;210;4{16};н/о;слаб. ливневой дождь;10/10 200 м кучево-дожд.;[Cb cap];+7.2;+6.1;93;+6;1010.8;-0.4;969;;+15;;;;"
"21;05.04.16;240;1;н/о;{ливн. осадки};9/9 400 м;[St];+2.4;+0.9;90;+3;1015.2;3.5;972.5;;;;;;"
"00;06.04.16;200;4;н/о;;8/8 330 м;[St];+2.9;+1.3;89;+1;1017.4;2.1;974.6;;;;;;"
"03;06.04.16;200;5;10 км;;9/9 270 м;[Sc];+3.3;+1.3;87;+1;1018.7;1.4;976;;;3;;;"
"06;06.04.16;200;3;4000 м;слаб. ливневой дождь;9/9 1000 м кучево-дожд.;[Cb cap];+6.9;+1.2;67;+6;1018.8;0.6;976.6;+2.1;;3;;;"
"09;06.04.16;220;3;10 км;{ливн. осадки};9/9 1500 м кучево-дожд.;[Cb cap];+9.5;-1.2;47;+9;1018;-0.4;976.2;;;;;;"
"12;06.04.16;210;1;10 км;{ливн. осадки};8/3 1500 м средняя, верхняя;[Sc diur, vesp|Ac und|Ci];+8.5;+0.9;59;+10;1018.1;-0.1;976.1;;;;;;"
"15;06.04.16;180;1;н/о;;6/6 1500 м;[Sc];+6.6;+0.7;66;+8;1018.7;0.3;976.4;;+10.3;0.0;;;"
"18;06.04.16;170;2;н/о;;4/0 средняя;[Ac und];+5.7;+0.3;68;+5;1018.1;-0.7;975.7;;+10.3;0.0;;;"
"21;06.04.16;200;2;н/о;;4/0 средняя;[Ac und];+4.3;+1;79;+4;1016.9;-1.3;974.4;;;;;;"
"00;07.04.16;170;2;н/о;;10/10 1500 м;[Sc];+4;+1.5;84;+4;1016;-0.9;973.5;;;;;;"
"03;07.04.16;200;2;10 км;;10/8 1440 м средняя;[Sc|Ac As];+4.9;+2.1;82;+5;1015.6;-0.3;973.2;;;;;;"
"06;07.04.16;200;5;10 км;в посл. час ливневой дождь;9/9 840 м кучево-дожд.;[Cb cap];+7.1;+2.6;73;+5;1013.9;-1.3;971.9;+3.8;;;;;"
"09;07.04.16;210;4;4000 м;слаб. ливневой дождь;10/10 600 м кучево-дожд.;[Cb cap];+3.6;+2.1;90;+2;1013.9;-0.5;971.4;;;;;;"
"12;07.04.16;200;4;10 км;слаб. ливневой дождь;9/9 600 м кучево-дожд.;[Cb cap];+5.3;+1.4;76;+4;1012.8;-0.8;970.6;;;;;;"
"15;07.04.16;200;1;н/о;в посл. час ливневой дождь;8/0 средняя;[Sc|Ac lent];+3.1;+0.7;84;+4;1012.9;-0.2;970.4;;+8.4;2;;;"
"18;07.04.16;190;4;н/о;{ливн. осадки};8/5 930 м средняя;[Sc|Ac As];+1.9;+0;87;0;1013.2;0.1;970.5;;+8.4;2;;;"
"21;07.04.16;190;3;н/о;;10/10 400 м;[Sc];+2.2;-0.1;85;+1;1012.4;-0.8;969.7;;;;;;"
"00;08.04.16;220;3;н/о;;9/9 300 м;[St];+2.2;+0.1;86;+1;1012.8;0.4;970.1;;;;;;"
"03;08.04.16;200;5;10 км;;10/10 360 м;[St];+2.1;-0.2;85;-1;1013.7;0.9;971;;;;;;"
"06;08.04.16;210;6;10 км;;8/8 1000 м;[Cu med, cong];+5.8;-2.5;55;+3;1013;-0.2;970.8;+1.6;;;;;"
"09;08.04.16;200;3;4000 м;слаб. ливневой дождь;10/10 1000 м кучево-дожд.;[Cb cap];+3.3;+0.2;80;+2;1013.7;0.4;971.2;;;;;;"
"12;08.04.16;250;6;10 км;{ливн. осадки};9/8 1000 м средняя;[Sc|Ac lent];+5.2;-2.2;59;+3;1013.2;-0.3;970.9;;;;;;"
"15;08.04.16;290;4;н/о;слаб. ливневой снег;10/10 600 м кучево-дожд.;[Cb cap];+3;-0.5;78;+1;1014.9;1.4;972.3;;+6.5;0.5;;;"
"18;08.04.16;тихо;;н/о;слаб. ливневой дождь;10/10 200 м кучево-дожд.;[Cb cap];+1.2;+0.2;93;+1;1015.8;0.5;972.8;;+6.5;0.5;;;"
"21;08.04.16;260;2;н/о;{ливн. осадки};10/10 1140 м;[Sc];+1.2;+0.2;93;+1;1016;0.2;973;;;;;;"
"00;09.04.16;тихо;;н/о;{ливн. осадки};10/10 210 м;[Sc];+0.8;-0.4;92;+1;1017.7;1.6;974.6;;;;;;"
"03;09.04.16;280;2;10 км;;10/10 400 м;[Sc];+0.8;-1.8;83;0;1020.4;2.6;977.2;;;0.3;;;"
"06;09.04.16;290;2;10 км;;9/9 570 м;[Sc];+3.5;-0.7;74;+3;1022;1.9;979.1;+0.3;;0.3;;;"
"09;09.04.16;280;3;10 км;;9/9 750 м кучево-дожд.;[Cb cap];+6;-0.3;64;+5;1022.1;0.5;979.6;;;;;;"
"12;09.04.16;280;4;10 км;;8/8 600 м;[Cu med, cong];+8;+0.7;60;+7;1022.1;0.3;979.9;;;;;;"
"15;09.04.16;260;1;н/о;в посл. час ливневой дождь;10/9 600 м кучево-дожд., средняя;[Cb cap|Ac lent];+5;+2;81;+6;1024.2;1.6;981.5;;+8.7;0.1;;;"
"18;09.04.16;230;1;н/о;{ливн. осадки};ясно;;+3.7;+0.7;81;+5;1024.9;0.4;981.9;;+8.7;0.1;;;"
"21;09.04.16;240;1;н/о;;ясно;;+1.9;+0;87;+3;1024.9;-0.2;981.7;;;;;;"
"00;10.04.16;240;1;н/о;;4/4 1000 м;[Sc];+1.5;-0.1;89;+2;1025;0;981.7;;;;;;"
"03;10.04.16;240;3;10 км;;9/0 верхняя;[Ci sp];+4.2;-0.4;72;+3;1024.2;-0.4;981.3;;;;;;"
"06;10.04.16;270;7{16};10 км;;10/4 1500 м верхняя;[Cu med, cong|Ci fib];+9.5;-0.4;50;+8;1022.9;-0.4;980.9;+1.3;;;;;"
"09;10.04.16;260;8-15{17};10 км;;10/8 1500 м верхняя;[Sc|Ci sp];+10.3;+0.1;49;+8;1021.1;-1.6;979.3;;;;;;"
"12;10.04.16;250;5{17};10 км;;10/10 1080 м кучево-дожд.;[Cb cap];+10.1;+3.4;63;+9;1020.2;-0.9;978.4;;;;;;"
"15;10.04.16;220;3;н/о;слаб. ливневой дождь;10/10 300 м кучево-дожд.;[Cb cap];+7.3;+6.2;93;+7;1020.5;-0.1;978.3;;+10.8;1;;;"
"18;10.04.16;250;4;н/о;{ливн. осадки};10/10 500 м кучево-дожд.;[Cb cap];+7.2;+5.7;90;+6;1019.1;-1.3;977;;+10.8;1;;;"
"21;10.04.16;230;1;н/о;;10/10 1350 м;[Sc];+6.5;+4.7;88;+7;1018.8;-0.4;976.6;;;;;;"
"00;11.04.16;250;5;н/о;;10/0 средняя;[Ac und];+6.4;+4.4;87;+5;1018.6;-0.3;976.3;;;;;;"
"03;11.04.16;250;3;10 км;;ясно;;+7.2;+4.2;81;+6;1018.9;0.4;976.7;;;0.0;;;"
"06;11.04.16;260;5;10 км;;8/0 верхняя;[Ci];+12.2;+5.8;65;+11;1017.9;-0.2;976.5;+5.9;;0.0;;;"
"09;11.04.16;280;5;10 км;;10/0 верхняя;[Ci];+15;+5.5;53;+15;1016.9;-0.5;976;;;;;;"
"12;11.04.16;260;4;10 км;;10/8 1380 м верхняя;[Sc diur, vesp|Ci];+15.5;+6.2;54;+15;1016.7;-0.2;975.8;;;;;;"
"15;11.04.16;280;2;н/о;;3/0 верхняя;[Ci];+11.8;+5.9;67;+12;1018;0.8;976.6;;+16.1;;;;"
"18;11.04.16;280;1;н/о;;ясно;;+9.4;+5.6;77;+10;1018.1;-0.3;976.3;;+16.1;;;;"
"21;11.04.16;190;2;н/о;;ясно;;+6.7;+4.4;85;+7;1017.6;-0.9;975.4;;;;;;"
"00;12.04.16;210;1;10 км;;8/0 верхняя;[Ci];+5.4;+2.2;80;+6;1017.1;-0.7;974.7;;;;;;"
"03;12.04.16;250;3;10 км;;10/0 верхняя;[Ci];+5.8;+2.3;78;+5;1017.1;0.1;974.8;;;;;;"
"06;12.04.16;250;5;10 км;;8/0 верхняя;[Ci];+12.4;+2;49;+12;1015.6;-0.5;974.3;+4.4;;;;;"
"09;12.04.16;280;5;10 км;;4/0 верхняя;[Ci fib];+16;+2.8;41;+16;1014.1;-0.9;973.4;;;;;;"
"12;12.04.16;290;6;10 км;;8/0 верхняя;[Cu med, cong|Ci fib];+16.5;+3.2;41;+16;1013.4;-0.6;972.8;;;;;;"
"15;12.04.16;050;3;н/о;;8/5 1500 м верхняя;[Sc|Ci fib];+10.5;+4.6;67;+10;1015.4;1.1;973.9;;+18;;;;"
"18;12.04.16;050;2;н/о;;10/4 1000 м верхняя;[Sc|Ci];+6.3;+3.1;80;+6;1017.3;1.2;975.1;;+18;;;;"
"21;12.04.16;320;3;н/о;слаб. ливневой дождь;10/0 кучево-дожд.;[Cb cap];+3.3;+2.1;92;+2;1019.3;1.4;976.5;;;;;;"
"00;13.04.16;110;2;10 км;{ливн. осадки};9/9 180 м;[St];+2.4;+1.4;93;+2;1021.5;2;978.5;;;;;;"
"03;13.04.16;110;2;10 км;;ясно;;+5.5;+1.6;76;+5;1023.3;2.2;980.7;;;0.8;;;"
"06;13.04.16;320;3;10 км;;8/8 1260 м;[Cu med, cong];+8.9;-1.8;47;+8;1024.3;1.4;982.1;+1.9;;0.8;;;"
"09;13.04.16;030;2;10 км;;8/8 1470 м;[Cu med, cong];+11;-3.1;37;+11;1024.5;0.5;982.6;;;;;;"
"12;13.04.16;340;2;10 км;;9/9 1500 м;[Sc];+10.9;-3.6;36;+11;1024.8;0.3;982.9;;;;;;"
"15;13.04.16;030;1;н/о;;10/0 средняя;[Ac und];+7.7;-2.3;49;+9;1025.6;0.3;983.2;;+12.6;;;;"
"18;13.04.16;тихо;;н/о;дым;3/0 верхняя;[Ci fib];+4.8;-1.2;65;+5;1026.5;0.4;983.6;;+12.6;;;;"
"21;13.04.16;тихо;;н/о;;ясно;;+5.9;-2.2;56;+6;1026.4;0.1;983.7;;;;;;"
"00;14.04.16;190;1;10 км;;ясно;;+4.4;-2.7;60;+5;1027.2;0.5;984.2;;;;;;"
"03;14.04.16;200;1;10 км;;ясно;;+7;-1.4;55;+8;1027.3;0.5;984.7;;;;;;"
"06;14.04.16;230;2;10 км;;3/0 верхняя;[Ci fib];+12.8;-2.3;35;+13;1026.2;-0.2;984.5;+3;;;;;"
"09;14.04.16;200;2;10 км;;ясно;;+15.5;-0.7;33;+16;1025.2;-0.6;983.9;;;;;;"
"12;14.04.16;270;1;10 км;;ясно;;+16.1;-0.6;32;+17;1025;-0.1;983.8;;;;;;"
"15;14.04.16;тихо;;н/о;дым;ясно;;+13.1;-0.2;40;+13;1025.9;0.5;984.3;;+17.1;;;;"
"18;14.04.16;тихо;;н/о;;ясно;;+10.9;-0.3;46;+11;1026.6;0.3;984.6;;+17.1;;;;"
"21;14.04.16;210;1;н/о;;ясно;;+9.1;-1.3;48;+10;1027.5;0.6;985.2;;;;;;"
"00;15.04.16;тихо;;10 км;;ясно;;+7;-0.9;57;+7;1028.3;0.5;985.7;;;;;;"
"03;15.04.16;190;1;10 км;;10/0 верхняя;[Ci fib];+10.5;+0;48;+12;1028.9;1.1;986.8;;;;;;"
"06;15.04.16;190;3;10 км;;8/0 верхняя;[Ci fib];+16.2;-0.1;33;+17;1027.8;-0.3;986.5;+6.5;;;;;"
"09;15.04.16;190;3;10 км;;10/0 верхняя;[Ci fib];+19.2;-0.8;26;+20;1026.1;-1.2;985.3;;;;;;"
"12;15.04.16;160;3;10 км;;8/0 верхняя;[Ci fib];+19.3;-1.2;25;+20;1024.5;-1.5;983.8;;;;;;"
"15;15.04.16;170;2;н/о;;6/0 верхняя;[Ci];+16.6;+0.3;33;+17;1023.8;-1;982.8;;+19.9;;;;"
"18;15.04.16;090;1;н/о;;ясно;;+14.1;+1.4;42;+15;1022.8;-1.3;981.5;;+19.9;;;;"
"21;15.04.16;150;2;н/о;;10/0 верхняя;[Ci ing];+11.9;+1.2;48;+12;1021.8;-1.3;980.2;;;;;;"
"00;16.04.16;160;1;10 км;;10/0 средняя;[Ac und];+10.4;+1.5;54;+12;1022.1;0.1;980.3;;;;;;"
"03;16.04.16;170;2;10 км;;10/0 средняя, верхняя;[Ac cuf|Ci fib];+12.3;+1;46;+13;1021.2;-0.6;979.7;;;;;;"
"06;16.04.16;180;3;10 км;;8/0 средняя, верхняя;[Ac trans|Ci];+17.8;-2;26;+18;1017.9;-2.5;977.2;+10.3;;;;;"
"09;16.04.16;170;3;10 км;;8/0 средняя, верхняя;[Ac trans|Ci fib];+19.9;-1.3;24;+21;1015.4;-2.1;975.1;;;;;;"
"12;16.04.16;240;1;10 км;;8/0 средняя;[Ac lent];+21.2;-3.3;19;+21;1013.3;-1.8;973.3;;;;;;"
"15;16.04.16;тихо;;н/о;дым;10/0 верхняя;[Ci];+15.8;-2.7;28;+16;1013.5;-0.6;972.7;;+21.5;;;;"
"18;16.04.16;тихо;;н/о;дым;ясно;;+11.9;+1.3;48;+12;1013.8;-0.2;972.5;;+21.5;;;;"
"21;16.04.16;тихо;;н/о;дым;ясно;;+7.2;+0.6;63;+7;1013.5;-1;971.5;;;;;;"
"00;17.04.16;тихо;;10 км;дым;ясно;;+7.6;+1;63;+8;1013.7;0.3;971.8;;;;;;"
"03;17.04.16;030;3;10 км;;ясно;;+13.8;+6.2;60;+14;1013.5;0.7;972.5;;;;;;"
"06;17.04.16;030;3;10 км;;3/0 верхняя;[Ci fib];+19.2;+6.3;43;+20;1012.6;-0.1;972.4;+6.2;;;;;"
"09;17.04.16;050;4;10 км;;6/0 верхняя;[Ci];+20.9;+3.6;32;+21;1012.3;-0.1;972.3;;;;;;"
"12;17.04.16;040;3;10 км;;6/0 верхняя;[Ci];+20.8;+3.5;32;+21;1012.5;0.2;972.5;;;;;;"
"15;17.04.16;050;2;н/о;;4/0 верхняя;[Ci fib];+16.8;+4.2;43;+18;1014.1;1;973.5;;+21.9;;;;"
"18;17.04.16;060;2;н/о;;ясно;;+13.8;+4.4;53;+14;1015.6;1;974.5;;+21.9;;;;"
"21;17.04.16;тихо;;н/о;;ясно;;+10.1;+4.5;68;+10;1016.3;0.2;974.7;;;;;;"
"00;18.04.16;090;1;10 км;;ясно;;+11;+4.9;66;+12;1016.6;0.4;975.1;;;;;;"
"03;18.04.16;140;1;10 км;;3/0 верхняя;[Ci];+13.5;+5.4;58;+15;1016.6;0.4;975.5;;;;;;"
"06;18.04.16;130;2;10 км;;3/0 верхняя;[Ci];+19;+5.1;40;+20;1015.4;-0.4;975.1;+8.9;;;;;"
"09;18.04.16;180;2;10 км;;3/0 верхняя;[Ci];+23.5;+2.9;26;+24;1013.7;-1.1;974;;;;;;"
"12;18.04.16;320;3;10 км;;ясно;;+24.7;+0.9;21;+25;1012.3;-1.2;972.8;;;;;;"
"15;18.04.16;тихо;;н/о;;3/0 верхняя;[Ci];+22.2;+1.8;26;+22;1012.3;-0.3;972.5;;+25.1;;;;"
"18;18.04.16;180;1;н/о;;4/0 верхняя;[Ci];+17.5;+3.4;39;+19;1013.7;0.7;973.2;;+25.1;;;;"
"21;18.04.16;180;2;н/о;;ясно;;+14.7;+3.5;47;+15;1014;-0.1;973.1;;;;;;"
"00;19.04.16;200;2;10 км;;4/0 верхняя;[Ci];+12.6;+4.3;57;+13;1014.2;-0.1;973;;;;;;"
"03;19.04.16;200;3;10 км;;3/0 средняя;[Ac trans];+15.8;+10.1;69;+18;1015;1.3;974.3;;;;;;"
"06;19.04.16;250;4;10 км;;8/8 1020 м кучево-дожд.;[Cb cap];+19.1;+10.7;58;+23;1015;0.4;974.7;+12.3;;;;;"
"09;19.04.16;170;7;10 км;;8/8 1000 м;[Cu med, cong];+21.4;+7.6;41;+21;1014.4;-0.3;974.4;;;;;;"
"12;19.04.16;210;4;10 км;;10/4 1000 м верхняя;[Cu hum|Ci fib];+20.9;+6.1;38;+21;1014.2;-0.2;974.2;;;;;;"
"15;19.04.16;тихо;;н/о;;ясно;;+15.8;+7.3;57;+16;1016.5;1.5;975.7;;+22.2;;;;"
"18;19.04.16;тихо;;н/о;;ясно;;+13.6;+7.8;68;+14;1017.2;0.4;976.1;;+22.2;;;;"
"21;19.04.16;тихо;;н/о;;ясно;;+11.7;+7.2;74;+12;1017.4;-0.1;976;;;;;;"
"00;20.04.16;160;1;10 км;;1/0 верхняя;[Ci fib];+10;+6.2;77;+11;1018;0.3;976.3;;;;;;"
"03;20.04.16;180;1;10 км;;10/0 средняя, верхняя;[Ac trans|Ci fib];+15.7;+6.7;55;+17;1017.4;0.2;976.5;;;;;;"
"06;20.04.16;240;2;10 км;;10/6 1440 м средняя, верхняя;[Sc|Ac lent|Ci];+18.8;+4.6;39;+20;1016.2;-0.7;975.8;+9.8;;;;;"
"09;20.04.16;240;2;10 км;слаб. ливневой дождь;10/10 1500 м кучево-дожд.;[Cb cap];+19.6;+5.3;39;+21;1014.4;-1.6;974.2;;;;;;"
"12;20.04.16;280;5;10 км;{ливн. осадки};10/10 1500 м кучево-дожд.;[Cb cap];+14.4;+7.9;65;+14;1015.4;0.3;974.5;;;;;;"
"15;20.04.16;200;1;н/о;{ливн. осадки};9/8 1000 м средняя;[Sc|Ac lent];+12.5;+9.1;80;+15;1015.3;-0.4;974.1;;+20.6;0.0;;;"
"18;20.04.16;200;2;н/о;{ливн. осадки};6/0 средняя;[Ac lent];+11.3;+7.2;76;+12;1014.8;-0.7;973.4;;+20.6;0.0;;;"
"21;20.04.16;200;2;н/о;;9/0 средняя;[Ac As];+11.8;+8.5;80;+12;1013.5;-1.1;972.3;;;;;;"
"00;21.04.16;200;2;10 км;;8/0 средняя;[Ac lent];+10.4;+8;85;+11;1013.2;-0.5;971.8;;;;;;"
"03;21.04.16;200;3;10 км;;8/0 средняя;[Ac lent];+13.6;+8.4;71;+14;1012.8;0.1;971.9;;;;;;"
"06;21.04.16;210;4;10 км;;8/6 1000 м верхняя;[Cu med, cong|Ci fib];+19.1;+8.1;49;+20;1010.9;-1.1;970.8;+9.8;;;;;"
"09;21.04.16;220;4;10 км;;8/8 1000 м верхняя;[Cu med, cong|Ci fib];+21.3;+6;37;+21;1009.3;-1.3;969.5;;;;;;"
"12;21.04.16;260;4;10 км;слаб. ливневой дождь;10/10 1000 м кучево-дожд.;[Cb cap];+16.3;+9.9;66;+18;1010.1;0.2;969.7;;;;;;"
"15;21.04.16;200;2;10 км;{гроза, ливн. осадки};4/4 1000 м кучево-дожд.;[Cb calv];+13.2;+12.3;94;+19;1011.4;0.8;970.5;;+21.8;8;;;"
"18;21.04.16;190;2;н/о;{гроза, ливн. осадки};4/4 1500 м;[Sc];+11.5;+9.2;86;+13;1011.7;0;970.5;;+21.8;8;;;"
"21;21.04.16;250;2;н/о;;8/6 1500 м средняя;[Sc|Ac As];+9.4;+6.1;80;+9;1012.2;0.2;970.7;;;;;;"
"00;22.04.16;230;1;10 км;в посл. час ливневой дождь;9/9 1000 м кучево-дожд.;[Cb cap];+8.5;+6.6;88;+10;1013;0.6;971.3;;;;;;"
"03;22.04.16;280;2;4000 м;слаб. ливневой дождь;10/10 200 м кучево-дожд.;[Cb cap];+9.1;+8.8;98;+9;1013.7;0.8;972.1;;;5;;;"
"06;22.04.16;280;3;10 км;{ливн. осадки};9/9 500 м кучево-дожд.;[Cb cap];+12.5;+9.9;84;+14;1013.8;0.6;972.7;+7.9;;5;;;"
"09;22.04.16;310;3;4000 м;слаб. ливневой дождь;9/9 1000 м кучево-дожд.;[Cb cap];+14.2;+10.2;77;+16;1013.9;0.3;973;;;;;;"
"12;22.04.16;290;2;10 км;в посл. час ливневой дождь;8/5 1000 м кучево-дожд., средняя;[Cb cap|Ac und];+14.4;+11;80;+18;1013.8;0;973;;;;;;"
"15;22.04.16;290;1;10 км;{ливн. осадки};9/6 1000 м средняя;[Sc|Ac lent];+14.7;+10.9;78;+19;1014.4;0.6;973.6;;+16.7;0.6;;;"
"18;22.04.16;тихо;;н/о;{ливн. осадки};8/0 средняя;[Ac cast];+12;+9.2;83;+13;1015.1;0.2;973.8;;+16.7;0.6;;;"
"21;22.04.16;тихо;;н/о;;ясно;;+10;+7.9;87;+10;1015.4;0;973.8;;;;;;"
"00;23.04.16;тихо;;10 км;;ясно;;+7.9;+6.4;90;+8;1016;0.3;974.1;;;;;;"
"03;23.04.16;тихо;;10 км;;ясно;;+14.3;+9.9;75;+16;1015.2;0.2;974.3;;;;;;"
"06;23.04.16;200;1;10 км;;10/4 1000 м верхняя;[Cu hum|Ci fib];+19.5;+7.9;47;+21;1014.4;-0.1;974.2;+6.7;;;;;"
"09;23.04.16;250;2;10 км;;10/3 1000 м верхняя;[Cu hum|Ci fib];+21;+7.6;42;+21;1013.4;-0.8;973.4;;;;;;"
"12;23.04.16;200;2;10 км;;3/0 верхняя;[Ci fib];+21.5;+6.6;38;+22;1012.7;-0.6;972.8;;;;;;"
"15;23.04.16;тихо;;10 км;;8/0 верхняя;[Ci];+17.3;+5.9;47;+17;1013.6;0.3;973.1;;+21.8;;;;"
"18;23.04.16;280;2;н/о;;3/0 верхняя;[Ci fib];+14.3;+7.6;64;+15;1014.5;0.5;973.6;;+21.8;;;;"
"21;23.04.16;330;2;н/о;слаб. ливневой дождь;10/10 1500 м кучево-дожд.;[Cb cap];+12;+10.4;90;+14;1015.7;0.8;974.4;;;;;;"
"00;24.04.16;310;2;10 км;{ливн. осадки};10/10 120 м;[St];+9.8;+9.2;96;+11;1017.1;1.1;975.5;;;;;;"
"03;24.04.16;320;2;4000 м;слаб. морось;10/10 200 м;[St];+8;+6.8;92;+8;1020.2;2.6;978.1;;;1;;;"
"06;24.04.16;030;1;10 км;в посл. час дождь{морось};10/0 средняя;[Ac As];+8.3;+6.9;91;+9;1020.5;0.4;978.5;+7.9;;1;;;"
"09;24.04.16;180;1;10 км;;9/6 1000 м средняя;[Sc|Ac lent];+12.8;+6.4;65;+14;1020.6;0.7;979.2;;;;;;"
"12;24.04.16;320;2;10 км;;4/0 средняя;[Ac lent];+15.9;+2;39;+17;1019.9;-0.3;978.9;;;;;;"
"15;24.04.16;290;2;10 км;;ясно;;+12.5;+1.8;48;+13;1021.4;1;979.9;;+16.3;1;;;"
"18;24.04.16;тихо;;н/о;;ясно;;+8.4;+3;69;+8;1022.9;0.8;980.7;;+16.3;1;;;"
"21;24.04.16;тихо;;н/о;;ясно;;+6.8;+2.3;73;+7;1023.6;0.5;981.2;;;;;;"
"00;25.04.16;тихо;;10 км;;ясно;;+5.5;+3;84;+6;1024;0.2;981.4;;;;;;"
"03;25.04.16;280;1;10 км;;4/0 верхняя;[Ci fib];+10.7;+4.2;64;+12;1024.1;0.8;982.2;;;;;;"
"06;25.04.16;320;3;10 км;;3/1 1500 м верхняя;[Cu hum|Ci fib];+15.1;-1.9;31;+15;1023.5;0;982.2;+5;;;;;"
"09;25.04.16;310;3;10 км;;ясно;;+16;-5.7;22;+16;1023.1;-0.2;982;;;;;;"
"12;25.04.16;350;3;10 км;;ясно;;+16.5;-5.3;22;+17;1022.4;-0.6;981.4;;;;;;"
"15;25.04.16;тихо;;10 км;;ясно;;+11.4;-4.7;32;+11;1023.9;0.7;982.1;;+17.2;;;;"
"18;25.04.16;010;1;н/о;;ясно;;+8.6;-3.6;42;+10;1024.6;0.3;982.4;;+17.2;;;;"
"21;25.04.16;тихо;;н/о;;ясно;;+4;-1.6;67;+4;1025.3;0;982.4;;;;;;"
"00;26.04.16;тихо;;10 км;;10/0 верхняя;[Ci];+2;-0.9;81;+2;1025.6;-0.1;982.3;;;;;;"
"03;26.04.16;тихо;;4000 м;дым;10/0 верхняя;[Ci];+9.5;+0.4;53;+10;1024.4;0;982.3;;;;;;"
"06;26.04.16;250;2;10 км;;10/0 верхняя;[Ci];+13.2;-1.5;36;+14;1022.9;-0.9;981.4;+1.8;;;;;"
"09;26.04.16;300;2;10 км;;10/0 верхняя;[Ci fib];+15.7;-2.3;29;+16;1021.4;-1.1;980.3;;;;;;"
"12;26.04.16;320;3;10 км;;10/0 верхняя;[Ci sp];+14.4;-1.7;33;+15;1020.6;-0.9;979.4;;;;;;"
"15;26.04.16;030;2;10 км;;10/0 верхняя;[Ci];+11.8;-2.8;36;+12;1020.8;-0.2;979.2;;+16.2;;;;"
"18;26.04.16;170;1;н/о;;10/0 верхняя;[Ci];+9.8;-1.6;45;+11;1020.2;-0.9;978.3;;+16.2;;;;"
"21;26.04.16;тихо;;н/о;;6/6 1500 м;[Sc];+5;+0.4;72;+5;1020.1;-0.8;977.5;;;;;;"
"00;27.04.16;тихо;;10 км;;6/0 средняя;[Ac und];+5.9;+1;71;+6;1018.9;-1;976.5;;;;;;"
"03;27.04.16;030;2;10 км;;3/0 средняя;[Ac lent];+10.3;+1.4;54;+10;1017.9;-0.3;976.2;;;;;;"
"06;27.04.16;330;1;10 км;;4/4 1000 м;[Cu med, cong];+14.4;-4.4;27;+16;1016.8;-0.5;975.7;+4.9;;;;;"
"09;27.04.16;310;2;10 км;;8/8 2000 м;[Cu med, cong];+15.3;-3.6;27;+16;1016.3;-0.3;975.4;;;;;;"
"12;27.04.16;020;3;10 км;;10/8 1500 м средняя;[Sc diur, vesp|Ac cuf];+14.7;-1;34;+15;1016.1;-0.3;975.1;;;;;;"
"15;27.04.16;060;3;10 км;;1/0 верхняя;[Ci fib];+9.1;-0.8;50;+9;1018.2;1.2;976.3;;+16.1;;;;"
"18;27.04.16;020;2;н/о;;ясно;;+5.2;-0.8;65;+5;1019.3;0.5;976.8;;+16.1;;;;"
"21;27.04.16;030;2;н/о;;3/3 1000 м;[Cu hum];+3.7;-1.3;70;+3;1019.4;-0.1;976.7;;;;;;"
"00;28.04.16;030;2;10 км;;8/8 1410 м;[Sc];+1.9;-0.8;82;+1;1019.5;-0.2;976.5;;;;;;"
"03;28.04.16;040;3;10 км;;8/0 средняя, верхняя;[Ac und|Ci];+6.3;+0;64;+5;1019.3;0.5;977;;;;;;"
"06;28.04.16;310;2;10 км;;9/8 1320 м верхняя;[Sc diur, vesp|Ci];+9.3;-1.4;47;+9;1018.2;-0.7;976.3;+1.8;;;;;"
"09;28.04.16;340;2;10 км;;8/6 1500 м верхняя;[Sc|Ci];+11.2;-2.2;39;+11;1017.6;-0.3;976;;;;;;"
"12;28.04.16;030;2;10 км;;10/10 1500 м;[Sc];+11.1;-2;40;+11;1017.3;-0.3;975.7;;;;;;"
"15;28.04.16;030;2;10 км;;10/9 1000 м средняя;[Sc|Ac und];+9.3;-2;45;+9;1018.4;0.8;976.5;;+12.7;;;;"
"18;28.04.16;040;2;н/о;;6/0 средняя;[Ac lent];+6.2;+0.7;68;+6;1019.8;0.9;977.4;;+12.7;;;;"
"21;28.04.16;040;2;н/о;;10/0 средняя, верхняя;[Ac trans|Ci];+4.8;+1.5;79;+4;1020.5;0.5;977.9;;;;;;"
"00;29.04.16;030;1;10 км;;ясно;;+1.8;-0.3;86;+3;1022.7;1.6;979.5;;;;;;"
"03;29.04.16;040;2;10 км;;ясно;;+7.5;+0.2;60;+7;1023.1;1.3;980.8;;;;;;"
"06;29.04.16;030;3;10 км;;8/8 1500 м;[Cu med, cong];+11.9;-4.3;32;+12;1023.3;0.8;981.6;+1.5;;;;;"
"09;29.04.16;010;3;10 км;;8/8 1500 м;[Sc diur, vesp];+12.8;-6.2;26;+13;1023.7;0.5;982.1;;;;;;"
"12;29.04.16;030;3;10 км;;8/8 1500 м;[Sc diur, vesp];+12.2;-4.9;30;+12;1024.8;1;983.1;;;;;;"
"15;29.04.16;030;2;10 км;;ясно;;+9.5;-3.8;39;+10;1026.3;1;984.1;;+14.4;;;;"
"18;29.04.16;тихо;;н/о;;ясно;;+4.3;-1.1;68;+4;1028.4;1.3;985.4;;+14.4;;;;"
"21;29.04.16;тихо;;н/о;;ясно;;+2.2;-1.2;78;+2;1029.7;0.9;986.3;;;;;;"
"00;30.04.16;тихо;;10 км;;ясно;;+0.7;-1.2;87;+1;1030.9;0.9;987.2;;;;;;"
"03;30.04.16;тихо;;10 км;;ясно;;+9.1;-0.8;50;+9;1030.5;0.9;988.1;;;;;;"
"06;30.04.16;010;2;10 км;;8/8 1500 м;[Cu med, cong];+14;-3.3;30;+15;1029.7;-0.1;988;+0.3;;;;;"
"09;30.04.16;220;2;10 км;;6/6 1500 м;[Cu med, cong];+14.7;-2.7;30;+15;1028.3;-1.2;986.8;;;;;;"
"12;30.04.16;280;2;10 км;;3/3 1000 м;[Cu hum];+15.3;-4.1;26;+16;1026.3;-1.9;984.9;;;;;;"
"15;30.04.16;210;1;10 км;;3/0 средняя;[Ac trans];+12.1;-5.9;28;+13;1026.1;-0.6;984.3;;+16.5;;;;"
"18;30.04.16;170;1;н/о;;3/0 средняя;[Ac trans];+6.4;-2.2;54;+7;1026.3;-0.6;983.7;;+16.5;;;;"
"21;30.04.16;тихо;;н/о;;3/0 средняя;[Ac trans];+4.8;-1.2;65;+5;1025.1;-1.4;982.3;;;;;;"
"00;01.05.16;310;1;4000 м;дым;3/0 средняя;[Ac trans];+2.5;-0.8;79;+3;1024.4;-1;981.3;;;;;;"
"03;01.05.16;170;2;10 км;;6/0 верхняя;[Ci];+11.7;-1.8;39;+12;1022.3;-0.7;980.6;;;;;;"
"06;01.05.16;130;1;10 км;;10/0 средняя, верхняя;[Ac lent|Ci];+15.4;-4;26;+17;1019.8;-1.9;978.7;+2.2;;;;;"
"09;01.05.16;160;1;10 км;;10/0 средняя, верхняя;[Ac lent|Ci];+16.3;-4.3;24;+18;1017.5;-2.1;976.6;;;;;;"
"12;01.05.16;180;1;10 км;;10/0 верхняя;[Ci];+16.3;-4.9;23;+18;1015.9;-1.5;975.1;;;;;;"
"15;01.05.16;тихо;;10 км;;10/0 верхняя;[Cs];+13.9;-4.3;28;+14;1015.2;-1;974.1;;+17.3;;;;"
"18;01.05.16;090;1;н/о;;10/0 верхняя;[Cs];+12.9;-3.8;31;+14;1014.9;-0.4;973.7;;+17.3;;;;"
"21;01.05.16;тихо;;н/о;;10/0 верхняя;[Ci sp];+7.5;-1.5;53;+8;1014.7;-1;972.7;;;;;;"
"00;02.05.16;тихо;;10 км;;10/0 средняя, верхняя;[Ac As|Ci];+7.1;-0.1;60;+7;1014.6;-0.1;972.6;;;;;;"
"03;02.05.16;340;1;10 км;;10/0 верхняя;[Ci];+12.8;-1.5;37;+14;1014.3;0.5;973.1;;;;;;"
